id,name,popularity,type,is_local,explicit,duration_ms,disc_number,track_number,artist_id,artist_name,album_artist_id,album_artist_name,album_id,album_name,album_release_date,album_tracks,album_type,added_at,genres,album_genres,danceability,energy,key,loudness,mode,speechiness,acousticness,instrumentalness,liveness,valence,tempo,uri,track_href,analysis_url,time_signature
7mBE81zjitbqaf6oN31R5u,Sensiz Ben,65,audio_features,False,False,270480,1,3,1bzmtVU7jf2rRZJALkZA3j,Pera,1bzmtVU7jf2rRZJALkZA3j,Pera,1lmUxG4Ahnb3FeeUEoIGUO,Giz,2013-12-10,14,album,2021-11-05T23:39:23Z,['turkish rock'],['turkish rock'],0.726,0.611,9,-8.058,0,0.0254,0.117,0.000311,0.226,0.554,106.042,spotify:track:7mBE81zjitbqaf6oN31R5u,https://api.spotify.com/v1/tracks/7mBE81zjitbqaf6oN31R5u,https://api.spotify.com/v1/audio-analysis/7mBE81zjitbqaf6oN31R5u,4
3P8q56eRbK2ujkKT84I7av,İzmir'in Kızları,50,audio_features,False,False,280267,1,8,64d1rUxfizSAOE9UbMnUZd,Sezen Aksu,64d1rUxfizSAOE9UbMnUZd,Sezen Aksu,4nsSpFG5INHqLvzf1OZbQ1,Deniz Yıldızı,2008-06-18,14,album,2021-11-05T23:37:30Z,['turkish pop'],['turkish pop'],0.598,0.632,6,-5.772,0,0.0363,0.562,0.0,0.0892,0.735,144.913,spotify:track:3P8q56eRbK2ujkKT84I7av,https://api.spotify.com/v1/tracks/3P8q56eRbK2ujkKT84I7av,https://api.spotify.com/v1/audio-analysis/3P8q56eRbK2ujkKT84I7av,4
04ZTP5KsCypmtCmQg5tH9R,I'm a Mess,77,audio_features,False,False,195519,1,2,64M6ah0SkkRsnPGtGiRAbb,Bebe Rexha,64M6ah0SkkRsnPGtGiRAbb,Bebe Rexha,4TOkZvtqNpg5UHyGxCn0mS,Expectations,2018-06-22,14,album,2021-06-29T11:59:06Z,"['dance pop', 'edm', 'electropop', 'pop', 'post-teen pop']","['dance pop', 'edm', 'electropop', 'pop', 'post-teen pop']",0.63,0.694,11,-6.257,0,0.0253,0.00281,0.0,0.0719,0.216,97.005,spotify:track:04ZTP5KsCypmtCmQg5tH9R,https://api.spotify.com/v1/tracks/04ZTP5KsCypmtCmQg5tH9R,https://api.spotify.com/v1/audio-analysis/04ZTP5KsCypmtCmQg5tH9R,4
67VXzMGtIrbj52tB6D4djH,Huyu Suyu,64,audio_features,False,False,153972,1,1,1zofEGCCvRwAdhetK573gb,emir taha,1zofEGCCvRwAdhetK573gb,emir taha,59X5b8naRHRkj3jjCpM45O,Huyu Suyu,2020-05-22,1,album,2021-06-25T10:53:21Z,['turkish trap pop'],['turkish trap pop'],0.744,0.372,5,-12.749,0,0.141,0.478,0.000929,0.284,0.326,155.989,spotify:track:67VXzMGtIrbj52tB6D4djH,https://api.spotify.com/v1/tracks/67VXzMGtIrbj52tB6D4djH,https://api.spotify.com/v1/audio-analysis/67VXzMGtIrbj52tB6D4djH,4
1fFUHk3ndRnLACiyzOexQF,Sto 'Pa Ke Sto Xanaleo - Live,36,audio_features,False,False,287400,1,16,0eLU3EgFDZOFgd2Dwalfwo,George Dalaras,0eLU3EgFDZOFgd2Dwalfwo,George Dalaras,6OnpE8EPqva5afPSkqGHJm,Zodani Ihografisi Stin Iera Odo,1997-01-01,16,album,2020-12-21T14:11:04Z,"['entehno', 'greek guitar', 'laiko', 'rebetiko']","['entehno', 'greek guitar', 'laiko', 'rebetiko']",0.345,0.474,10,-9.252,1,0.031,0.644,0.000144,0.953,0.0666,93.686,spotify:track:1fFUHk3ndRnLACiyzOexQF,https://api.spotify.com/v1/tracks/1fFUHk3ndRnLACiyzOexQF,https://api.spotify.com/v1/audio-analysis/1fFUHk3ndRnLACiyzOexQF,4
33mwlULWGPU3NaRiKB73mQ,Margarites,43,audio_features,False,False,246933,1,5,7xySz9OyEWxKC6RyDlo256,Angela Dimitriou,7xySz9OyEWxKC6RyDlo256,Angela Dimitriou,1IrOQAe8Maavs0a5UyDVlC,Mi Mas Agapas,1996-11-11,13,album,2020-12-16T23:13:27Z,"['greek pop', 'laiko']","['greek pop', 'laiko']",0.599,0.565,2,-12.606,1,0.0466,0.275,0.0,0.0545,0.581,169.719,spotify:track:33mwlULWGPU3NaRiKB73mQ,https://api.spotify.com/v1/tracks/33mwlULWGPU3NaRiKB73mQ,https://api.spotify.com/v1/audio-analysis/33mwlULWGPU3NaRiKB73mQ,4
6bJnv3XAkUBlNQ9CKiICKl,ily,0,audio_features,False,False,181071,1,1,1lmU3giNF3CSbkVSQmLpHQ,Surf Mesa,1lmU3giNF3CSbkVSQmLpHQ,Surf Mesa,0Bo7e70BaJBWpPcT9PjJyP,ily,2019-11-26,1,album,2020-12-11T15:59:00Z,['tropical house'],['tropical house'],0.668,0.802,11,-7.317,0,0.0816,0.0581,0.0125,0.362,0.293,112.039,spotify:track:6bJnv3XAkUBlNQ9CKiICKl,https://api.spotify.com/v1/tracks/6bJnv3XAkUBlNQ9CKiICKl,https://api.spotify.com/v1/audio-analysis/6bJnv3XAkUBlNQ9CKiICKl,4
3zWfjRtvm3gFEAjqeWScEl,Field,66,audio_features,False,False,113050,1,2,69RwhKw37lY73bMGaSts7C,Evgeny Grinko,69RwhKw37lY73bMGaSts7C,Evgeny Grinko,4bfTO7z4xWS3ATjq5j9ay5,Silent Like Water,2015,5,album,2020-10-09T12:31:27Z,['turkish instrumental'],['turkish instrumental'],0.191,0.0859,9,-21.876,0,0.0389,0.988,0.902,0.115,0.292,161.21,spotify:track:3zWfjRtvm3gFEAjqeWScEl,https://api.spotify.com/v1/tracks/3zWfjRtvm3gFEAjqeWScEl,https://api.spotify.com/v1/audio-analysis/3zWfjRtvm3gFEAjqeWScEl,4
4TXW37vOHHoo1oyYHEw85t,Kedi,46,audio_features,False,False,213024,1,1,5IAxUWLiTMsvc1oWPrczNj,Melek Mosso,5IAxUWLiTMsvc1oWPrczNj,Melek Mosso,5TqMx2jp6pQIrafEc4hLTB,Kedi,2018-02-23,1,album,2020-10-02T12:56:03Z,"['turkish alt pop', 'turkish pop']","['turkish alt pop', 'turkish pop']",0.824,0.703,7,-5.242,1,0.173,0.192,0.0,0.0919,0.645,124.031,spotify:track:4TXW37vOHHoo1oyYHEw85t,https://api.spotify.com/v1/tracks/4TXW37vOHHoo1oyYHEw85t,https://api.spotify.com/v1/audio-analysis/4TXW37vOHHoo1oyYHEw85t,4
5n6RDaGFSN88oRWuGtYAIN,The Show Must Go On - Remastered 2011,71,audio_features,False,False,277827,1,12,1dfeR4HaWDbWqFHLkxsg1d,Queen,1dfeR4HaWDbWqFHLkxsg1d,Queen,5kffKW0sSLo6tkLg1veUGC,Innuendo (2011 Remaster),1991-02-05,12,album,2020-10-02T12:56:03Z,"['classic rock', 'glam rock', 'rock']","['classic rock', 'glam rock', 'rock']",0.426,0.687,11,-6.926,0,0.0329,0.409,0.0,0.112,0.189,84.141,spotify:track:5n6RDaGFSN88oRWuGtYAIN,https://api.spotify.com/v1/tracks/5n6RDaGFSN88oRWuGtYAIN,https://api.spotify.com/v1/audio-analysis/5n6RDaGFSN88oRWuGtYAIN,4
0oA9wBGDY4uyILLg4GymWP,Tom's Diner,66,audio_features,False,False,269333,1,1,23xqmJEN3oVxwzqtNIyR5m,AnnenMayKantereit,23xqmJEN3oVxwzqtNIyR5m,AnnenMayKantereit,7ClPGbXY81egfNn8H1hDAg,Tom's Diner,2019-06-28,1,album,2020-09-25T22:13:29Z,"['cologne indie', 'german pop', 'german singer-songwriter']","['cologne indie', 'german pop', 'german singer-songwriter']",0.68,0.428,6,-8.107,0,0.135,0.376,0.000344,0.355,0.334,98.222,spotify:track:0oA9wBGDY4uyILLg4GymWP,https://api.spotify.com/v1/tracks/0oA9wBGDY4uyILLg4GymWP,https://api.spotify.com/v1/audio-analysis/0oA9wBGDY4uyILLg4GymWP,4
3H7ihDc1dqLriiWXwsc2po,Breaking Me,84,audio_features,False,False,166794,1,1,0u6GtibW46tFX7koQ6uNJZ,Topic,0u6GtibW46tFX7koQ6uNJZ,Topic,3nBQlhUvErkw8DVpF47WAn,Breaking Me,2019-12-19,1,album,2020-08-31T09:10:12Z,"['dance pop', 'edm', 'electro house', 'german dance', 'pop dance', 'pop edm', 'tropical house']","['dance pop', 'edm', 'electro house', 'german dance', 'pop dance', 'pop edm', 'tropical house']",0.789,0.72,8,-5.652,0,0.218,0.223,0.0,0.129,0.664,122.031,spotify:track:3H7ihDc1dqLriiWXwsc2po,https://api.spotify.com/v1/tracks/3H7ihDc1dqLriiWXwsc2po,https://api.spotify.com/v1/audio-analysis/3H7ihDc1dqLriiWXwsc2po,4
76nqCfJOcFFWBJN32PAksn,Kings & Queens,6,audio_features,False,False,162399,1,1,4npEfmQ6YuiwW1GpUmaq3F,Ava Max,4npEfmQ6YuiwW1GpUmaq3F,Ava Max,6yUkGEJftbJl1QPvz4WTjO,Kings & Queens,2020-03-12,2,album,2020-08-27T19:28:32Z,"['dance pop', 'pop']","['dance pop', 'pop']",0.638,0.688,1,-4.056,0,0.0407,0.00775,0.0,0.126,0.434,129.856,spotify:track:76nqCfJOcFFWBJN32PAksn,https://api.spotify.com/v1/tracks/76nqCfJOcFFWBJN32PAksn,https://api.spotify.com/v1/audio-analysis/76nqCfJOcFFWBJN32PAksn,4
42HO3JtyoWWPC7mgReWRL8,Kendime Sardım,59,audio_features,False,False,196557,1,1,1nFJWl30l3PAHei86OxN0i,Oğuzhan Koç,1nFJWl30l3PAHei86OxN0i,Oğuzhan Koç,7kN9vX4uV5aGhSe01Vf7Wx,Kendime Sardım,2020-06-05,1,album,2020-06-18T06:58:37Z,"['turkish pop', 'turkish trap pop']","['turkish pop', 'turkish trap pop']",0.835,0.432,7,-7.892,0,0.114,0.104,2.33e-06,0.107,0.883,95.022,spotify:track:42HO3JtyoWWPC7mgReWRL8,https://api.spotify.com/v1/tracks/42HO3JtyoWWPC7mgReWRL8,https://api.spotify.com/v1/audio-analysis/42HO3JtyoWWPC7mgReWRL8,4
1Og9qOp7Az04bKj66p8og2,Her An Gidebilirim,33,audio_features,False,False,284666,1,1,7CW2eGwAuElNq09rVtZYsM,Sena Şener,7CW2eGwAuElNq09rVtZYsM,Sena Şener,4CiypSyesj8yYGVNYAjtqL,Her An Gidebilirim,2019-11-22,1,album,2020-05-22T07:28:14Z,"['turkish alt pop', 'turkish modern jazz']","['turkish alt pop', 'turkish modern jazz']",0.504,0.276,7,-8.143,0,0.029,0.687,3.34e-05,0.0857,0.175,74.042,spotify:track:1Og9qOp7Az04bKj66p8og2,https://api.spotify.com/v1/tracks/1Og9qOp7Az04bKj66p8og2,https://api.spotify.com/v1/audio-analysis/1Og9qOp7Az04bKj66p8og2,4
1iQDltZqI7BXnHrFy4Qo1k,Trampoline (with ZAYN),74,audio_features,False,False,184280,1,1,3KwmxIhSe9UTSEF37kwngR,SHAED,3KwmxIhSe9UTSEF37kwngR,SHAED,5QqqBZmdQmY1MvlnpBkagB,Trampoline (with ZAYN),2019-09-26,1,album,2020-04-15T13:19:54Z,"['electropop', 'pop']","['electropop', 'pop']",0.619,0.459,7,-5.782,0,0.0334,0.56,0.0,0.137,0.498,126.803,spotify:track:1iQDltZqI7BXnHrFy4Qo1k,https://api.spotify.com/v1/tracks/1iQDltZqI7BXnHrFy4Qo1k,https://api.spotify.com/v1/audio-analysis/1iQDltZqI7BXnHrFy4Qo1k,4
1rqqCSm0Qe4I9rUvWncaom,High Hopes,84,audio_features,False,False,190947,1,4,20JZFwl6HVl6yg8a4H3ZqK,Panic! At The Disco,20JZFwl6HVl6yg8a4H3ZqK,Panic! At The Disco,6ApYSpXF8GxZAgBTHDzYge,Pray for the Wicked,2018-06-22,11,album,2020-04-03T01:58:38Z,['modern rock'],['modern rock'],0.579,0.904,5,-2.729,1,0.0618,0.193,0.0,0.064,0.681,82.014,spotify:track:1rqqCSm0Qe4I9rUvWncaom,https://api.spotify.com/v1/tracks/1rqqCSm0Qe4I9rUvWncaom,https://api.spotify.com/v1/audio-analysis/1rqqCSm0Qe4I9rUvWncaom,4
6gCkhtTNxRCTe5auCcGSzj,Press Start,58,audio_features,False,True,209771,1,1,4AFmCAFHwoV2o3QR1Wgup4,MDK,4AFmCAFHwoV2o3QR1Wgup4,MDK,1U9SRqhD3Nr6jlDgkwYZFP,Press Start,2015-08-25,1,album,2020-04-01T17:36:44Z,['speedrun'],['speedrun'],0.721,0.962,5,-3.256,0,0.134,0.0167,0.0145,0.899,0.432,122.971,spotify:track:6gCkhtTNxRCTe5auCcGSzj,https://api.spotify.com/v1/tracks/6gCkhtTNxRCTe5auCcGSzj,https://api.spotify.com/v1/audio-analysis/6gCkhtTNxRCTe5auCcGSzj,4
5yovoEh1QchaVvSMoMK3e6,Yarım Porsiyon Aydınlık,33,audio_features,False,False,168040,1,5,1lIbZfJvMQRqzhtCQsg5EI,Cem Karaca,1lIbZfJvMQRqzhtCQsg5EI,Cem Karaca,2XOBM8IoKwygrY2Y4eSlCa,Merhaba Gençler,1994-02-02,12,album,2020-03-24T03:24:23Z,"['anadolu rock', 'karadeniz turkuleri', 'turkish psych', 'turkish rock']","['anadolu rock', 'karadeniz turkuleri', 'turkish psych', 'turkish rock']",0.54,0.659,4,-8.48,0,0.0274,0.452,2.15e-06,0.219,0.727,108.569,spotify:track:5yovoEh1QchaVvSMoMK3e6,https://api.spotify.com/v1/tracks/5yovoEh1QchaVvSMoMK3e6,https://api.spotify.com/v1/audio-analysis/5yovoEh1QchaVvSMoMK3e6,3
4lch7R4LCt4C0iTNSNaVmE,"Talk, Talk, Talk",0,audio_features,False,False,148500,1,1,4CEKt71wejKzb1WMU1zvt0,TRALA,4CEKt71wejKzb1WMU1zvt0,TRALA,1W5lfJUpGnNOZyVnSGNTvB,"Talk, Talk, Talk",2019-08-16,1,album,2020-02-07T09:48:27Z,['christian pop'],['christian pop'],0.749,0.67,11,-8.741,0,0.169,0.147,0.0,0.252,0.499,108.039,spotify:track:4lch7R4LCt4C0iTNSNaVmE,https://api.spotify.com/v1/tracks/4lch7R4LCt4C0iTNSNaVmE,https://api.spotify.com/v1/audio-analysis/4lch7R4LCt4C0iTNSNaVmE,4
62yJjFtgkhUrXktIoSjgP2,Radioactive,79,audio_features,False,False,186813,1,1,53XhwfbYqKCa1cC15pYq2q,Imagine Dragons,53XhwfbYqKCa1cC15pYq2q,Imagine Dragons,6nxDQi0FeEwccEPJeNySoS,Night Visions,2012-09-04,14,album,2019-12-22T00:58:05Z,"['modern rock', 'rock']","['modern rock', 'rock']",0.448,0.784,9,-3.686,1,0.0627,0.106,0.000108,0.668,0.236,136.245,spotify:track:62yJjFtgkhUrXktIoSjgP2,https://api.spotify.com/v1/tracks/62yJjFtgkhUrXktIoSjgP2,https://api.spotify.com/v1/audio-analysis/62yJjFtgkhUrXktIoSjgP2,4
5Sjtp0ba9yhYvbI6bpCX3O,haytalar dükkanı,43,audio_features,False,False,301740,1,2,5gFPi3KWXEwA9bLEO47Ow0,Sıla,5gFPi3KWXEwA9bLEO47Ow0,Sıla,1qwkRJmShmeFs57V49beII,meşk,2019-07-26,3,album,2019-12-22T00:52:49Z,['turkish pop'],['turkish pop'],0.523,0.583,6,-6.086,1,0.121,0.412,3.78e-06,0.0917,0.671,94.128,spotify:track:5Sjtp0ba9yhYvbI6bpCX3O,https://api.spotify.com/v1/tracks/5Sjtp0ba9yhYvbI6bpCX3O,https://api.spotify.com/v1/audio-analysis/5Sjtp0ba9yhYvbI6bpCX3O,4
69Is1lNX7KGNvXgrtKDzIW,Beyaz,34,audio_features,False,False,194720,1,2,4XP7cGw4t8BqZ8Du5q3bHg,Emir Can İğrek,4XP7cGw4t8BqZ8Du5q3bHg,Emir Can İğrek,3M7nlSwYZ6aXaStiFaqUG6,Gönül Davası,2017-11-30,2,album,2019-11-01T00:36:13Z,['turkish alt pop'],['turkish alt pop'],0.648,0.665,9,-6.053,0,0.0397,0.616,0.0,0.0992,0.589,89.963,spotify:track:69Is1lNX7KGNvXgrtKDzIW,https://api.spotify.com/v1/tracks/69Is1lNX7KGNvXgrtKDzIW,https://api.spotify.com/v1/audio-analysis/69Is1lNX7KGNvXgrtKDzIW,4
131T3kM6o8YB7KXhvjyuPN,Inadına,46,audio_features,False,False,158640,1,2,0rRu3Co1oQ6Ce3yz7btJzB,Karsu,0rRu3Co1oQ6Ce3yz7btJzB,Karsu,4tKiQFQ4j6fzMdoriugGvv,Karsu,2019-10-10,12,album,2019-10-10T18:26:12Z,['turkish alt pop'],['turkish alt pop'],0.853,0.605,5,-6.043,0,0.0323,0.0892,6.43e-05,0.0293,0.937,120.002,spotify:track:131T3kM6o8YB7KXhvjyuPN,https://api.spotify.com/v1/tracks/131T3kM6o8YB7KXhvjyuPN,https://api.spotify.com/v1/audio-analysis/131T3kM6o8YB7KXhvjyuPN,4
75XSmc3qMTJ9fC70uklGMF,Miracle of Love,0,audio_features,False,False,274893,1,8,0NKDgy9j66h3DLnN8qu1bB,Eurythmics,0LyfQWJT6nXafLPZqxe9Of,Various Artists,3dx2i0MUCiPhXs5r6T5j8r,Soft Rock Classics,1999-06-28,16,album,2019-09-26T07:52:38Z,"['art rock', 'dance rock', 'europop', 'mellow gold', 'new romantic', 'new wave', 'new wave pop', 'rock', 'soft rock', 'sophisti-pop', 'synthpop']",[],0.528,0.614,2,-7.202,1,0.0256,0.261,1.86e-06,0.361,0.301,106.388,spotify:track:75XSmc3qMTJ9fC70uklGMF,https://api.spotify.com/v1/tracks/75XSmc3qMTJ9fC70uklGMF,https://api.spotify.com/v1/audio-analysis/75XSmc3qMTJ9fC70uklGMF,4
3GZlJvYxjNc1WaMhds7wbu,Başka Şarkı (feat. Sila),35,audio_features,False,False,234773,1,5,23mKQ2dfJ9eOjgkg7R4MdD,Rubato,23mKQ2dfJ9eOjgkg7R4MdD,Rubato,4owTs0jdv8glrui4M3m0rY,İKİ,2016-04-01,11,album,2019-09-04T18:15:26Z,[],[],0.324,0.371,11,-8.081,0,0.0437,0.74,2.16e-05,0.236,0.123,93.949,spotify:track:3GZlJvYxjNc1WaMhds7wbu,https://api.spotify.com/v1/tracks/3GZlJvYxjNc1WaMhds7wbu,https://api.spotify.com/v1/audio-analysis/3GZlJvYxjNc1WaMhds7wbu,3
41zXlQxzTi6cGAjpOXyLYH,idontwannabeyouanymore,81,audio_features,False,False,203569,1,2,6qqNVTkY8uBg9cP3Jd7DAH,Billie Eilish,6qqNVTkY8uBg9cP3Jd7DAH,Billie Eilish,7fRrTyKvE4Skh93v97gtcU,dont smile at me,2017-12-22,9,album,2019-08-06T09:59:44Z,"['art pop', 'electropop', 'pop']","['art pop', 'electropop', 'pop']",0.483,0.412,7,-8.461,1,0.0402,0.737,0.0,0.116,0.247,170.163,spotify:track:41zXlQxzTi6cGAjpOXyLYH,https://api.spotify.com/v1/tracks/41zXlQxzTi6cGAjpOXyLYH,https://api.spotify.com/v1/audio-analysis/41zXlQxzTi6cGAjpOXyLYH,3
093Xn7BRMty5hISHgIJnCe,Journey,57,audio_features,False,False,269511,1,13,7k6KVFItaU7pcBvL6poIi9,Mark Eliyahu,7k6KVFItaU7pcBvL6poIi9,Mark Eliyahu,07QM07BwawXAm0P5XbEUUL,Sands,2008,14,album,2019-07-22T15:48:04Z,['turkish instrumental'],['turkish instrumental'],0.384,0.267,5,-10.422,0,0.0668,0.931,0.0504,0.123,0.339,81.467,spotify:track:093Xn7BRMty5hISHgIJnCe,https://api.spotify.com/v1/tracks/093Xn7BRMty5hISHgIJnCe,https://api.spotify.com/v1/audio-analysis/093Xn7BRMty5hISHgIJnCe,3
30hoPcypN51Y11q6lnI6mB,Beni Benimle Bırak,61,audio_features,False,False,209973,1,2,7rEIUw67hRTgievwuKQGSj,maNga,7rEIUw67hRTgievwuKQGSj,maNga,3z4hTAl9eQVOG1H10f0TW1,Şehr-i Hüzün,2009-11-09,16,album,2019-07-22T15:47:53Z,"['turkish pop', 'turkish rock']","['turkish pop', 'turkish rock']",0.543,0.953,6,-3.121,0,0.0691,0.0232,0.0,0.0732,0.657,155.996,spotify:track:30hoPcypN51Y11q6lnI6mB,https://api.spotify.com/v1/tracks/30hoPcypN51Y11q6lnI6mB,https://api.spotify.com/v1/audio-analysis/30hoPcypN51Y11q6lnI6mB,4
0cLS7FslBJgsuWwJNRnPWB,Doin' Time,0,audio_features,False,True,201997,1,1,00FQb4jTyendYWaN8pK0wa,Lana Del Rey,00FQb4jTyendYWaN8pK0wa,Lana Del Rey,7FsoMmWTbDXgdwvO1uCQ7d,Doin' Time,2019-05-17,1,album,2019-06-18T23:35:44Z,"['art pop', 'pop']","['art pop', 'pop']",0.621,0.692,7,-5.837,0,0.0435,0.336,0.000458,0.0877,0.446,144.968,spotify:track:0cLS7FslBJgsuWwJNRnPWB,https://api.spotify.com/v1/tracks/0cLS7FslBJgsuWwJNRnPWB,https://api.spotify.com/v1/audio-analysis/0cLS7FslBJgsuWwJNRnPWB,4
2uaiyLKnYvazyfR0Ky3Kbk,Let Me Down Slowly,0,audio_features,False,False,169181,1,1,5IH6FPUwQTxPSXurCrcIov,Alec Benjamin,5IH6FPUwQTxPSXurCrcIov,Alec Benjamin,0mRjvB3HLxs4Myma1f8vps,Let Me Down Slowly,2018-05-25,1,album,2019-05-19T19:08:12Z,"['alt z', 'dream smp', 'electropop', 'pop']","['alt z', 'dream smp', 'electropop', 'pop']",0.649,0.548,1,-5.692,0,0.0318,0.733,0.0,0.136,0.506,150.036,spotify:track:2uaiyLKnYvazyfR0Ky3Kbk,https://api.spotify.com/v1/tracks/2uaiyLKnYvazyfR0Ky3Kbk,https://api.spotify.com/v1/audio-analysis/2uaiyLKnYvazyfR0Ky3Kbk,4
3qPZTPe8Ld0Pv6V50c7MB9,Güneşim,9,audio_features,False,False,318400,1,6,5AjOM8Kxmb2hNi9Gq2p9Zp,Göksel Baktagir,5AjOM8Kxmb2hNi9Gq2p9Zp,Göksel Baktagir,5MWLStSyBRhxvZgw32dU3K,Kalb-i Coşku,2012-08-20,11,album,2019-05-16T14:45:03Z,"['turkish classical', 'turkish folk', 'turkish instrumental', 'turkish jazz']","['turkish classical', 'turkish folk', 'turkish instrumental', 'turkish jazz']",0.242,0.662,0,-6.554,1,0.0401,0.502,0.391,0.128,0.475,189.809,spotify:track:3qPZTPe8Ld0Pv6V50c7MB9,https://api.spotify.com/v1/tracks/3qPZTPe8Ld0Pv6V50c7MB9,https://api.spotify.com/v1/audio-analysis/3qPZTPe8Ld0Pv6V50c7MB9,3
0Aff9MzaWHs1h38n6o1OHR,İstikrarlı Hayal Hakikattir,35,audio_features,False,False,320864,1,1,0VsS7WKuNEsKGNIWuiwSyZ,Gaye Su Akyol,0VsS7WKuNEsKGNIWuiwSyZ,Gaye Su Akyol,0XeJCeFtaorG7IjszOIxXV,İstikrarlı Hayal Hakikattir,2018-10-26,10,album,2019-04-25T23:22:39Z,['turkish jazz'],['turkish jazz'],0.595,0.719,6,-10.105,1,0.0801,0.246,0.0447,0.113,0.405,99.953,spotify:track:0Aff9MzaWHs1h38n6o1OHR,https://api.spotify.com/v1/tracks/0Aff9MzaWHs1h38n6o1OHR,https://api.spotify.com/v1/audio-analysis/0Aff9MzaWHs1h38n6o1OHR,4
5oM45QTUrGCVfkzOVrVcuN,Bağrımızda Taş,29,audio_features,False,False,237720,1,2,0VsS7WKuNEsKGNIWuiwSyZ,Gaye Su Akyol,0VsS7WKuNEsKGNIWuiwSyZ,Gaye Su Akyol,0XeJCeFtaorG7IjszOIxXV,İstikrarlı Hayal Hakikattir,2018-10-26,10,album,2019-04-25T23:22:39Z,['turkish jazz'],['turkish jazz'],0.628,0.552,7,-11.376,1,0.0527,0.675,0.0351,0.0679,0.721,110.095,spotify:track:5oM45QTUrGCVfkzOVrVcuN,https://api.spotify.com/v1/tracks/5oM45QTUrGCVfkzOVrVcuN,https://api.spotify.com/v1/audio-analysis/5oM45QTUrGCVfkzOVrVcuN,4
0djg0A4KHxEVhfBPwtpfUQ,Laziko,20,audio_features,False,False,245335,1,3,0VsS7WKuNEsKGNIWuiwSyZ,Gaye Su Akyol,0VsS7WKuNEsKGNIWuiwSyZ,Gaye Su Akyol,0XeJCeFtaorG7IjszOIxXV,İstikrarlı Hayal Hakikattir,2018-10-26,10,album,2019-04-25T23:22:39Z,['turkish jazz'],['turkish jazz'],0.395,0.731,4,-8.702,1,0.106,0.00415,0.694,0.623,0.628,90.911,spotify:track:0djg0A4KHxEVhfBPwtpfUQ,https://api.spotify.com/v1/tracks/0djg0A4KHxEVhfBPwtpfUQ,https://api.spotify.com/v1/audio-analysis/0djg0A4KHxEVhfBPwtpfUQ,4
5LxUzdjcFijJPbHP0oHHx4,Gölgenle Bir Başıma,28,audio_features,False,False,307623,1,4,0VsS7WKuNEsKGNIWuiwSyZ,Gaye Su Akyol,0VsS7WKuNEsKGNIWuiwSyZ,Gaye Su Akyol,0XeJCeFtaorG7IjszOIxXV,İstikrarlı Hayal Hakikattir,2018-10-26,10,album,2019-04-25T23:22:39Z,['turkish jazz'],['turkish jazz'],0.566,0.496,8,-12.069,1,0.0433,0.0795,0.165,0.114,0.289,112.946,spotify:track:5LxUzdjcFijJPbHP0oHHx4,https://api.spotify.com/v1/tracks/5LxUzdjcFijJPbHP0oHHx4,https://api.spotify.com/v1/audio-analysis/5LxUzdjcFijJPbHP0oHHx4,4
2jENp6vARxtLKtK0Yb4Xyt,Şahmeran,16,audio_features,False,False,230996,1,6,0VsS7WKuNEsKGNIWuiwSyZ,Gaye Su Akyol,0VsS7WKuNEsKGNIWuiwSyZ,Gaye Su Akyol,0XeJCeFtaorG7IjszOIxXV,İstikrarlı Hayal Hakikattir,2018-10-26,10,album,2019-04-25T23:22:39Z,['turkish jazz'],['turkish jazz'],0.506,0.644,2,-10.179,1,0.0483,0.00932,0.129,0.321,0.55,92.083,spotify:track:2jENp6vARxtLKtK0Yb4Xyt,https://api.spotify.com/v1/tracks/2jENp6vARxtLKtK0Yb4Xyt,https://api.spotify.com/v1/audio-analysis/2jENp6vARxtLKtK0Yb4Xyt,3
3NtXBZv7GIPG4OT611M2nC,Bir Yaralı Kuştum,31,audio_features,False,False,312133,1,7,0VsS7WKuNEsKGNIWuiwSyZ,Gaye Su Akyol,0VsS7WKuNEsKGNIWuiwSyZ,Gaye Su Akyol,0XeJCeFtaorG7IjszOIxXV,İstikrarlı Hayal Hakikattir,2018-10-26,10,album,2019-04-25T23:22:39Z,['turkish jazz'],['turkish jazz'],0.33,0.612,1,-9.993,0,0.143,0.319,0.0565,0.165,0.425,88.154,spotify:track:3NtXBZv7GIPG4OT611M2nC,https://api.spotify.com/v1/tracks/3NtXBZv7GIPG4OT611M2nC,https://api.spotify.com/v1/audio-analysis/3NtXBZv7GIPG4OT611M2nC,4
4FHqcfBVpeQiriG2u1d3px,Boşluk Ve Sonsuzluk,13,audio_features,False,False,99646,1,9,0VsS7WKuNEsKGNIWuiwSyZ,Gaye Su Akyol,0VsS7WKuNEsKGNIWuiwSyZ,Gaye Su Akyol,0XeJCeFtaorG7IjszOIxXV,İstikrarlı Hayal Hakikattir,2018-10-26,10,album,2019-04-25T23:22:39Z,['turkish jazz'],['turkish jazz'],0.307,0.403,10,-11.999,0,0.039,0.765,1.14e-06,0.219,0.25,133.033,spotify:track:4FHqcfBVpeQiriG2u1d3px,https://api.spotify.com/v1/tracks/4FHqcfBVpeQiriG2u1d3px,https://api.spotify.com/v1/audio-analysis/4FHqcfBVpeQiriG2u1d3px,3
3tR1CVLjRwMH8zooPtgdqN,Halimiz İtten Beter,17,audio_features,False,False,263773,1,10,0VsS7WKuNEsKGNIWuiwSyZ,Gaye Su Akyol,0VsS7WKuNEsKGNIWuiwSyZ,Gaye Su Akyol,0XeJCeFtaorG7IjszOIxXV,İstikrarlı Hayal Hakikattir,2018-10-26,10,album,2019-04-25T23:22:39Z,['turkish jazz'],['turkish jazz'],0.591,0.772,9,-9.292,1,0.0607,0.0622,0.0206,0.0426,0.442,129.923,spotify:track:3tR1CVLjRwMH8zooPtgdqN,https://api.spotify.com/v1/tracks/3tR1CVLjRwMH8zooPtgdqN,https://api.spotify.com/v1/audio-analysis/3tR1CVLjRwMH8zooPtgdqN,4
6IKMJhBBK42QB7F0kUAKn3,Meftunum Sana,36,audio_features,False,False,256861,1,5,0VsS7WKuNEsKGNIWuiwSyZ,Gaye Su Akyol,0VsS7WKuNEsKGNIWuiwSyZ,Gaye Su Akyol,0XeJCeFtaorG7IjszOIxXV,İstikrarlı Hayal Hakikattir,2018-10-26,10,album,2019-04-25T23:22:39Z,['turkish jazz'],['turkish jazz'],0.463,0.638,7,-10.456,1,0.0359,0.114,0.306,0.289,0.144,102.063,spotify:track:6IKMJhBBK42QB7F0kUAKn3,https://api.spotify.com/v1/tracks/6IKMJhBBK42QB7F0kUAKn3,https://api.spotify.com/v1/audio-analysis/6IKMJhBBK42QB7F0kUAKn3,4
73QDM3dEpReq6LrdaovAvB,Hemşerim Memleket Nire,26,audio_features,False,False,288644,1,8,0VsS7WKuNEsKGNIWuiwSyZ,Gaye Su Akyol,0VsS7WKuNEsKGNIWuiwSyZ,Gaye Su Akyol,0XeJCeFtaorG7IjszOIxXV,İstikrarlı Hayal Hakikattir,2018-10-26,10,album,2019-04-25T23:22:39Z,['turkish jazz'],['turkish jazz'],0.438,0.611,11,-9.382,0,0.0788,0.139,0.0164,0.12,0.492,80.087,spotify:track:73QDM3dEpReq6LrdaovAvB,https://api.spotify.com/v1/tracks/73QDM3dEpReq6LrdaovAvB,https://api.spotify.com/v1/audio-analysis/73QDM3dEpReq6LrdaovAvB,4
29O4tSMdRH6gN6bxwAqqq6,İstikbal Mahkemeleri,35,audio_features,False,False,192990,1,2,4TdvNk4wmn5DgBFiLDeCj0,Deniz Tekin,4TdvNk4wmn5DgBFiLDeCj0,Deniz Tekin,7IyrFYIIJanXekwxhH2bmx,Kozakuluçka,2017-04-07,9,album,2019-02-19T00:19:42Z,['turkish alt pop'],['turkish alt pop'],0.778,0.643,1,-7.451,0,0.0428,0.719,0.00146,0.109,0.454,96.969,spotify:track:29O4tSMdRH6gN6bxwAqqq6,https://api.spotify.com/v1/tracks/29O4tSMdRH6gN6bxwAqqq6,https://api.spotify.com/v1/audio-analysis/29O4tSMdRH6gN6bxwAqqq6,4
6uCi35fnX5zu1SsSNy3KXv,İlkbaharda Kıyamet,26,audio_features,False,False,268913,1,1,1dsKaRPU3HFSdlNyMmH5QI,Fatma Turgut,1dsKaRPU3HFSdlNyMmH5QI,Fatma Turgut,3ZsxNNSnvvhl36t3QzcWja,İlkbaharda Kıyamet,2016-11-01,1,album,2019-01-29T18:54:31Z,"['turkce slow sarkilar', 'turkish alternative rock']","['turkce slow sarkilar', 'turkish alternative rock']",0.583,0.617,1,-7.253,0,0.0442,0.625,0.0,0.383,0.459,107.933,spotify:track:6uCi35fnX5zu1SsSNy3KXv,https://api.spotify.com/v1/tracks/6uCi35fnX5zu1SsSNy3KXv,https://api.spotify.com/v1/audio-analysis/6uCi35fnX5zu1SsSNy3KXv,4
2ICO3Y4j85zZmCBTf8EG5l,Yaşamak İstemem,51,audio_features,False,False,352432,1,6,4inwzuD2iBZK8Ck3ft7Wlk,Yavuz Çetin,4inwzuD2iBZK8Ck3ft7Wlk,Yavuz Çetin,7Ci9Cu5I6WskhcHxxmOoaD,Satılık,2001-01-31,10,album,2018-12-23T06:36:11Z,"['turkish alternative', 'turkish jazz', 'turkish metal', 'turkish rock']","['turkish alternative', 'turkish jazz', 'turkish metal', 'turkish rock']",0.41,0.597,4,-8.182,0,0.0249,0.00134,6.14e-06,0.157,0.412,81.884,spotify:track:2ICO3Y4j85zZmCBTf8EG5l,https://api.spotify.com/v1/tracks/2ICO3Y4j85zZmCBTf8EG5l,https://api.spotify.com/v1/audio-analysis/2ICO3Y4j85zZmCBTf8EG5l,4
3YuaBvuZqcwN3CEAyyoaei,Like a Stone,78,audio_features,False,False,293960,1,5,2ziB7fzrXBoh1HUPS6sVFn,Audioslave,2ziB7fzrXBoh1HUPS6sVFn,Audioslave,78guAsers0klWl6RwzgDLd,Audioslave,2002-11-17,14,album,2018-09-12T19:23:13Z,"['alternative metal', 'alternative rock', 'nu metal', 'permanent wave', 'post-grunge', 'rock', 'supergroup']","['alternative metal', 'alternative rock', 'nu metal', 'permanent wave', 'post-grunge', 'rock', 'supergroup']",0.614,0.568,7,-5.477,0,0.0276,0.00797,0.0,0.0997,0.516,107.849,spotify:track:3YuaBvuZqcwN3CEAyyoaei,https://api.spotify.com/v1/tracks/3YuaBvuZqcwN3CEAyyoaei,https://api.spotify.com/v1/audio-analysis/3YuaBvuZqcwN3CEAyyoaei,4
03SIZWc3sXUYJTSDvrfoHL,İzmir'de Bir Gün Batımı,48,audio_features,False,False,235692,1,8,4TdvNk4wmn5DgBFiLDeCj0,Deniz Tekin,4TdvNk4wmn5DgBFiLDeCj0,Deniz Tekin,7IyrFYIIJanXekwxhH2bmx,Kozakuluçka,2017-04-07,9,album,2018-09-11T00:07:58Z,['turkish alt pop'],['turkish alt pop'],0.621,0.266,11,-8.649,0,0.0337,0.894,0.0,0.0925,0.397,108.391,spotify:track:03SIZWc3sXUYJTSDvrfoHL,https://api.spotify.com/v1/tracks/03SIZWc3sXUYJTSDvrfoHL,https://api.spotify.com/v1/audio-analysis/03SIZWc3sXUYJTSDvrfoHL,4
66rg4Htk3becR0WEovtKUZ,Böyle,45,audio_features,False,False,296936,1,3,4TdvNk4wmn5DgBFiLDeCj0,Deniz Tekin,4TdvNk4wmn5DgBFiLDeCj0,Deniz Tekin,7IyrFYIIJanXekwxhH2bmx,Kozakuluçka,2017-04-07,9,album,2018-09-11T00:07:46Z,['turkish alt pop'],['turkish alt pop'],0.401,0.347,3,-8.363,1,0.0319,0.768,7.74e-06,0.0905,0.21,133.674,spotify:track:66rg4Htk3becR0WEovtKUZ,https://api.spotify.com/v1/tracks/66rg4Htk3becR0WEovtKUZ,https://api.spotify.com/v1/audio-analysis/66rg4Htk3becR0WEovtKUZ,3
11MaFb9G7SEKL4n59WX4MZ,Çocuk,24,audio_features,False,False,217147,1,1,5gFPi3KWXEwA9bLEO47Ow0,Sıla,5gFPi3KWXEwA9bLEO47Ow0,Sıla,4Fv6YanGL9oUQEZv3eiCK8,Vaveyla,2012-12-01,13,album,2018-08-27T23:31:34Z,['turkish pop'],['turkish pop'],0.379,0.676,11,-8.532,0,0.126,0.342,0.00395,0.285,0.154,119.193,spotify:track:11MaFb9G7SEKL4n59WX4MZ,https://api.spotify.com/v1/tracks/11MaFb9G7SEKL4n59WX4MZ,https://api.spotify.com/v1/audio-analysis/11MaFb9G7SEKL4n59WX4MZ,4
1zoq6ljQM4zRtli0JcDK67,Her Şey Yolunda,39,audio_features,False,False,227413,1,2,5gFPi3KWXEwA9bLEO47Ow0,Sıla,5gFPi3KWXEwA9bLEO47Ow0,Sıla,4Fv6YanGL9oUQEZv3eiCK8,Vaveyla,2012-12-01,13,album,2018-08-27T23:31:34Z,['turkish pop'],['turkish pop'],0.733,0.239,11,-12.728,0,0.0583,0.735,3.89e-06,0.109,0.256,119.573,spotify:track:1zoq6ljQM4zRtli0JcDK67,https://api.spotify.com/v1/tracks/1zoq6ljQM4zRtli0JcDK67,https://api.spotify.com/v1/audio-analysis/1zoq6ljQM4zRtli0JcDK67,4
3cXe9k3ovSbItUKyk0fyUu,Açık Deniz,42,audio_features,False,False,222987,1,3,5gFPi3KWXEwA9bLEO47Ow0,Sıla,5gFPi3KWXEwA9bLEO47Ow0,Sıla,4Fv6YanGL9oUQEZv3eiCK8,Vaveyla,2012-12-01,13,album,2018-08-27T23:31:34Z,['turkish pop'],['turkish pop'],0.837,0.54,1,-10.331,0,0.0433,0.0643,0.0,0.192,0.535,135.977,spotify:track:3cXe9k3ovSbItUKyk0fyUu,https://api.spotify.com/v1/tracks/3cXe9k3ovSbItUKyk0fyUu,https://api.spotify.com/v1/audio-analysis/3cXe9k3ovSbItUKyk0fyUu,4
1UISoep66L6w4k9Il9XudQ,İmkânsız,38,audio_features,False,False,227573,1,4,5gFPi3KWXEwA9bLEO47Ow0,Sıla,5gFPi3KWXEwA9bLEO47Ow0,Sıla,4Fv6YanGL9oUQEZv3eiCK8,Vaveyla,2012-12-01,13,album,2018-08-27T23:31:34Z,['turkish pop'],['turkish pop'],0.342,0.486,5,-7.129,0,0.0827,0.29,0.0,0.209,0.166,171.924,spotify:track:1UISoep66L6w4k9Il9XudQ,https://api.spotify.com/v1/tracks/1UISoep66L6w4k9Il9XudQ,https://api.spotify.com/v1/audio-analysis/1UISoep66L6w4k9Il9XudQ,3
1yL26eSXM9xEHBkCDdIYl5,Panik Atak,21,audio_features,False,False,208027,1,5,5gFPi3KWXEwA9bLEO47Ow0,Sıla,5gFPi3KWXEwA9bLEO47Ow0,Sıla,4Fv6YanGL9oUQEZv3eiCK8,Vaveyla,2012-12-01,13,album,2018-08-27T23:31:34Z,['turkish pop'],['turkish pop'],0.631,0.665,9,-7.171,1,0.0714,0.043,1.28e-06,0.342,0.727,169.795,spotify:track:1yL26eSXM9xEHBkCDdIYl5,https://api.spotify.com/v1/tracks/1yL26eSXM9xEHBkCDdIYl5,https://api.spotify.com/v1/audio-analysis/1yL26eSXM9xEHBkCDdIYl5,4
5Z4aRfjfBHgpaVC3Mae32T,Hala,27,audio_features,False,False,259133,1,6,5gFPi3KWXEwA9bLEO47Ow0,Sıla,5gFPi3KWXEwA9bLEO47Ow0,Sıla,4Fv6YanGL9oUQEZv3eiCK8,Vaveyla,2012-12-01,13,album,2018-08-27T23:31:34Z,['turkish pop'],['turkish pop'],0.549,0.569,4,-9.35,0,0.201,0.4,1.8e-06,0.134,0.356,173.948,spotify:track:5Z4aRfjfBHgpaVC3Mae32T,https://api.spotify.com/v1/tracks/5Z4aRfjfBHgpaVC3Mae32T,https://api.spotify.com/v1/audio-analysis/5Z4aRfjfBHgpaVC3Mae32T,4
354Fy8ZNUiuLnVD2pTTYIj,Esaret,22,audio_features,False,False,177400,1,7,5gFPi3KWXEwA9bLEO47Ow0,Sıla,5gFPi3KWXEwA9bLEO47Ow0,Sıla,4Fv6YanGL9oUQEZv3eiCK8,Vaveyla,2012-12-01,13,album,2018-08-27T23:31:34Z,['turkish pop'],['turkish pop'],0.342,0.225,11,-12.865,0,0.0426,0.745,0.0,0.139,0.172,58.528,spotify:track:354Fy8ZNUiuLnVD2pTTYIj,https://api.spotify.com/v1/tracks/354Fy8ZNUiuLnVD2pTTYIj,https://api.spotify.com/v1/audio-analysis/354Fy8ZNUiuLnVD2pTTYIj,4
4zszhkAik9h9QIigpLmYrD,Leyla,37,audio_features,False,False,186840,1,9,5gFPi3KWXEwA9bLEO47Ow0,Sıla,5gFPi3KWXEwA9bLEO47Ow0,Sıla,4Fv6YanGL9oUQEZv3eiCK8,Vaveyla,2012-12-01,13,album,2018-08-27T23:31:34Z,['turkish pop'],['turkish pop'],0.793,0.507,1,-10.693,0,0.164,0.141,0.0,0.231,0.69,120.05,spotify:track:4zszhkAik9h9QIigpLmYrD,https://api.spotify.com/v1/tracks/4zszhkAik9h9QIigpLmYrD,https://api.spotify.com/v1/audio-analysis/4zszhkAik9h9QIigpLmYrD,4
4txOdPaJ2l13JlfzUA7ibo,Issız Ada,40,audio_features,False,False,202227,1,10,5gFPi3KWXEwA9bLEO47Ow0,Sıla,5gFPi3KWXEwA9bLEO47Ow0,Sıla,4Fv6YanGL9oUQEZv3eiCK8,Vaveyla,2012-12-01,13,album,2018-08-27T23:31:34Z,['turkish pop'],['turkish pop'],0.624,0.41,11,-9.999,1,0.0596,0.258,7.04e-06,0.211,0.619,118.925,spotify:track:4txOdPaJ2l13JlfzUA7ibo,https://api.spotify.com/v1/tracks/4txOdPaJ2l13JlfzUA7ibo,https://api.spotify.com/v1/audio-analysis/4txOdPaJ2l13JlfzUA7ibo,5
0Vu7dBDehf5X0JKrsE0ymN,Aslan Gibi,53,audio_features,False,False,234587,1,11,5gFPi3KWXEwA9bLEO47Ow0,Sıla,5gFPi3KWXEwA9bLEO47Ow0,Sıla,4Fv6YanGL9oUQEZv3eiCK8,Vaveyla,2012-12-01,13,album,2018-08-27T23:31:34Z,['turkish pop'],['turkish pop'],0.711,0.526,6,-9.794,0,0.117,0.323,0.0,0.103,0.777,89.91,spotify:track:0Vu7dBDehf5X0JKrsE0ymN,https://api.spotify.com/v1/tracks/0Vu7dBDehf5X0JKrsE0ymN,https://api.spotify.com/v1/audio-analysis/0Vu7dBDehf5X0JKrsE0ymN,4
544iFVaChEJGWdQseGq1E0,(K)açık Deniz - Remix,20,audio_features,False,False,225467,1,12,5gFPi3KWXEwA9bLEO47Ow0,Sıla,5gFPi3KWXEwA9bLEO47Ow0,Sıla,4Fv6YanGL9oUQEZv3eiCK8,Vaveyla,2012-12-01,13,album,2018-08-27T23:31:34Z,['turkish pop'],['turkish pop'],0.708,0.546,1,-7.876,0,0.0352,0.0638,0.0311,0.0469,0.74,136.023,spotify:track:544iFVaChEJGWdQseGq1E0,https://api.spotify.com/v1/tracks/544iFVaChEJGWdQseGq1E0,https://api.spotify.com/v1/audio-analysis/544iFVaChEJGWdQseGq1E0,4
6eFKgvrLxC1bCr5HSOz1qH,(c)esaret - Remix,18,audio_features,False,False,203360,1,13,5gFPi3KWXEwA9bLEO47Ow0,Sıla,5gFPi3KWXEwA9bLEO47Ow0,Sıla,4Fv6YanGL9oUQEZv3eiCK8,Vaveyla,2012-12-01,13,album,2018-08-27T23:31:34Z,['turkish pop'],['turkish pop'],0.778,0.524,11,-8.641,0,0.0426,0.134,0.0159,0.0977,0.657,123.985,spotify:track:6eFKgvrLxC1bCr5HSOz1qH,https://api.spotify.com/v1/tracks/6eFKgvrLxC1bCr5HSOz1qH,https://api.spotify.com/v1/audio-analysis/6eFKgvrLxC1bCr5HSOz1qH,4
5FH9NxVqSMCUTAOaocK5Y1,Zor Sevdiğimden,47,audio_features,False,False,214373,1,8,5gFPi3KWXEwA9bLEO47Ow0,Sıla,5gFPi3KWXEwA9bLEO47Ow0,Sıla,4Fv6YanGL9oUQEZv3eiCK8,Vaveyla,2012-12-01,13,album,2018-08-27T23:31:24Z,['turkish pop'],['turkish pop'],0.651,0.264,1,-12.425,0,0.0412,0.763,3.27e-06,0.133,0.377,137.762,spotify:track:5FH9NxVqSMCUTAOaocK5Y1,https://api.spotify.com/v1/tracks/5FH9NxVqSMCUTAOaocK5Y1,https://api.spotify.com/v1/audio-analysis/5FH9NxVqSMCUTAOaocK5Y1,4
4dXEUCEfsCOyJVQXQ1cWG2,Hatıran Yeter,36,audio_features,False,False,225575,1,1,70Ya7DKJEo20SAkxjirYnu,Zakkum,70Ya7DKJEo20SAkxjirYnu,Zakkum,1xX97KHEPMxRwdag8Xn2yA,Hatıran Yeter,2018-01-31,1,album,2018-08-27T23:26:58Z,"['turkish pop', 'turkish rock']","['turkish pop', 'turkish rock']",0.584,0.478,10,-8.479,1,0.0316,0.359,0.00282,0.112,0.513,97.097,spotify:track:4dXEUCEfsCOyJVQXQ1cWG2,https://api.spotify.com/v1/tracks/4dXEUCEfsCOyJVQXQ1cWG2,https://api.spotify.com/v1/audio-analysis/4dXEUCEfsCOyJVQXQ1cWG2,4
4LTOzL6JsnQBifmpsbo9a5,September Song - Guitar Acoustic,0,audio_features,False,False,212153,1,1,4kYGAK2zu9EAomwj3hXkXy,JP Cooper,4kYGAK2zu9EAomwj3hXkXy,JP Cooper,58wAIiRLQ5q2yMN76ys9F2,September Song (Guitar Acoustic),2016-10-14,1,album,2018-08-25T11:52:37Z,"['neo mellow', 'pop', 'pop rock', 'tropical house', 'uk pop']","['neo mellow', 'pop', 'pop rock', 'tropical house', 'uk pop']",0.41,0.428,0,-7.927,0,0.0329,0.359,0.0,0.138,0.526,88.361,spotify:track:4LTOzL6JsnQBifmpsbo9a5,https://api.spotify.com/v1/tracks/4LTOzL6JsnQBifmpsbo9a5,https://api.spotify.com/v1/audio-analysis/4LTOzL6JsnQBifmpsbo9a5,4
7gVBniGxPuV93uoTEia28U,Gidemem,50,audio_features,False,False,315200,1,2,64d1rUxfizSAOE9UbMnUZd,Sezen Aksu,64d1rUxfizSAOE9UbMnUZd,Sezen Aksu,5I7XD7PnAQz7apGrCh38Oj,Kardelen,2005-09-10,8,album,2018-08-04T14:49:20Z,['turkish pop'],['turkish pop'],0.476,0.667,11,-5.959,0,0.0909,0.286,1.71e-06,0.0981,0.389,143.934,spotify:track:7gVBniGxPuV93uoTEia28U,https://api.spotify.com/v1/tracks/7gVBniGxPuV93uoTEia28U,https://api.spotify.com/v1/audio-analysis/7gVBniGxPuV93uoTEia28U,4
1yP8Yqwu8YS3BiBKVWCjpR,Think Before I Talk - Acoustic,0,audio_features,False,False,217400,1,1,3AVfmawzu83sp94QW7CEGm,Astrid S,3AVfmawzu83sp94QW7CEGm,Astrid S,5yCg1UKkzPTmX8U3aZ9nZk,Think Before I Talk (Acoustic),2017-10-27,1,album,2018-06-18T16:28:27Z,"['alt z', 'dance pop', 'electropop', 'norwegian pop', 'pop', 'post-teen pop', 'tropical house']","['alt z', 'dance pop', 'electropop', 'norwegian pop', 'pop', 'post-teen pop', 'tropical house']",0.778,0.225,5,-8.848,1,0.0523,0.947,0.0,0.103,0.288,106.996,spotify:track:1yP8Yqwu8YS3BiBKVWCjpR,https://api.spotify.com/v1/tracks/1yP8Yqwu8YS3BiBKVWCjpR,https://api.spotify.com/v1/audio-analysis/1yP8Yqwu8YS3BiBKVWCjpR,4
4SVOW8kKXfvK8mK1WPnca4,Öndeyiş,0,audio_features,False,False,28573,1,1,7JVJiShPyjp98hKUgYHCi6,Fatih Ahıskalı,5gFPi3KWXEwA9bLEO47Ow0,Sıla,2zSzfMd1A2eMjqljtZUX9f,Konuşmadığımız Şeyler Var,2010-11-29,12,album,2018-05-28T09:57:24Z,[],['turkish pop'],0.571,0.429,5,-13.899,0,0.113,0.841,0.679,0.135,0.469,89.831,spotify:track:4SVOW8kKXfvK8mK1WPnca4,https://api.spotify.com/v1/tracks/4SVOW8kKXfvK8mK1WPnca4,https://api.spotify.com/v1/audio-analysis/4SVOW8kKXfvK8mK1WPnca4,1
7MnrlQCQBeL4OzAjcl7nwG,Acısa da Öldürmez,52,audio_features,False,False,204627,1,2,5gFPi3KWXEwA9bLEO47Ow0,Sıla,5gFPi3KWXEwA9bLEO47Ow0,Sıla,2zSzfMd1A2eMjqljtZUX9f,Konuşmadığımız Şeyler Var,2010-11-29,12,album,2018-05-28T09:57:24Z,['turkish pop'],['turkish pop'],0.64,0.73,5,-3.885,0,0.169,0.375,0.0,0.0475,0.845,175.988,spotify:track:7MnrlQCQBeL4OzAjcl7nwG,https://api.spotify.com/v1/tracks/7MnrlQCQBeL4OzAjcl7nwG,https://api.spotify.com/v1/audio-analysis/7MnrlQCQBeL4OzAjcl7nwG,4
5tM5kDTxYKCFJzlfyXiTpF,Kafa,59,audio_features,False,False,177733,1,3,5gFPi3KWXEwA9bLEO47Ow0,Sıla,5gFPi3KWXEwA9bLEO47Ow0,Sıla,2zSzfMd1A2eMjqljtZUX9f,Konuşmadığımız Şeyler Var,2010-11-29,12,album,2018-05-28T09:57:24Z,['turkish pop'],['turkish pop'],0.562,0.789,5,-3.651,0,0.0592,0.0154,0.0,0.0765,0.96,120.053,spotify:track:5tM5kDTxYKCFJzlfyXiTpF,https://api.spotify.com/v1/tracks/5tM5kDTxYKCFJzlfyXiTpF,https://api.spotify.com/v1/audio-analysis/5tM5kDTxYKCFJzlfyXiTpF,4
6MkVP8J7plggeSK8e6LPVL,Oluruna Bırak,54,audio_features,False,False,243000,1,4,5gFPi3KWXEwA9bLEO47Ow0,Sıla,5gFPi3KWXEwA9bLEO47Ow0,Sıla,2zSzfMd1A2eMjqljtZUX9f,Konuşmadığımız Şeyler Var,2010-11-29,12,album,2018-05-28T09:57:24Z,['turkish pop'],['turkish pop'],0.598,0.598,5,-3.947,0,0.0494,0.303,0.0,0.341,0.293,143.849,spotify:track:6MkVP8J7plggeSK8e6LPVL,https://api.spotify.com/v1/tracks/6MkVP8J7plggeSK8e6LPVL,https://api.spotify.com/v1/audio-analysis/6MkVP8J7plggeSK8e6LPVL,4
2gZeqcysy8j1FrrBUVdIb8,Boş Yere,50,audio_features,False,False,240227,1,5,5gFPi3KWXEwA9bLEO47Ow0,Sıla,5gFPi3KWXEwA9bLEO47Ow0,Sıla,2zSzfMd1A2eMjqljtZUX9f,Konuşmadığımız Şeyler Var,2010-11-29,12,album,2018-05-28T09:57:24Z,['turkish pop'],['turkish pop'],0.613,0.657,6,-6.376,0,0.161,0.316,0.0,0.145,0.636,175.852,spotify:track:2gZeqcysy8j1FrrBUVdIb8,https://api.spotify.com/v1/tracks/2gZeqcysy8j1FrrBUVdIb8,https://api.spotify.com/v1/audio-analysis/2gZeqcysy8j1FrrBUVdIb8,4
6fX30AZw0PGummNfDSf8L2,Gol,37,audio_features,False,False,241440,1,6,5gFPi3KWXEwA9bLEO47Ow0,Sıla,5gFPi3KWXEwA9bLEO47Ow0,Sıla,2zSzfMd1A2eMjqljtZUX9f,Konuşmadığımız Şeyler Var,2010-11-29,12,album,2018-05-28T09:57:24Z,['turkish pop'],['turkish pop'],0.872,0.822,2,-3.662,1,0.294,0.0747,0.0,0.0752,0.652,127.003,spotify:track:6fX30AZw0PGummNfDSf8L2,https://api.spotify.com/v1/tracks/6fX30AZw0PGummNfDSf8L2,https://api.spotify.com/v1/audio-analysis/6fX30AZw0PGummNfDSf8L2,4
5rCgPKPSfyqJNyG1ytJijX,Boşver,31,audio_features,False,False,284640,1,7,5gFPi3KWXEwA9bLEO47Ow0,Sıla,5gFPi3KWXEwA9bLEO47Ow0,Sıla,2zSzfMd1A2eMjqljtZUX9f,Konuşmadığımız Şeyler Var,2010-11-29,12,album,2018-05-28T09:57:24Z,['turkish pop'],['turkish pop'],0.72,0.768,6,-4.331,0,0.026,0.0983,5.08e-06,0.108,0.569,129.99,spotify:track:5rCgPKPSfyqJNyG1ytJijX,https://api.spotify.com/v1/tracks/5rCgPKPSfyqJNyG1ytJijX,https://api.spotify.com/v1/audio-analysis/5rCgPKPSfyqJNyG1ytJijX,4
4qSq7aenpFm9OMWAC2zFNF,Tam da Bugün,49,audio_features,False,False,172493,1,8,5gFPi3KWXEwA9bLEO47Ow0,Sıla,5gFPi3KWXEwA9bLEO47Ow0,Sıla,2zSzfMd1A2eMjqljtZUX9f,Konuşmadığımız Şeyler Var,2010-11-29,12,album,2018-05-28T09:57:24Z,['turkish pop'],['turkish pop'],0.538,0.448,5,-9.16,1,0.0738,0.367,0.0,0.118,0.407,75.107,spotify:track:4qSq7aenpFm9OMWAC2zFNF,https://api.spotify.com/v1/tracks/4qSq7aenpFm9OMWAC2zFNF,https://api.spotify.com/v1/audio-analysis/4qSq7aenpFm9OMWAC2zFNF,4
6J0J7DGM10Ww7VIzICNFlU,Cam,46,audio_features,False,False,201947,1,9,5gFPi3KWXEwA9bLEO47Ow0,Sıla,5gFPi3KWXEwA9bLEO47Ow0,Sıla,2zSzfMd1A2eMjqljtZUX9f,Konuşmadığımız Şeyler Var,2010-11-29,12,album,2018-05-28T09:57:24Z,['turkish pop'],['turkish pop'],0.682,0.664,5,-3.925,0,0.0466,0.148,0.0,0.497,0.484,86.012,spotify:track:6J0J7DGM10Ww7VIzICNFlU,https://api.spotify.com/v1/tracks/6J0J7DGM10Ww7VIzICNFlU,https://api.spotify.com/v1/audio-analysis/6J0J7DGM10Ww7VIzICNFlU,4
7uUBqbkVG2QRK0BHjdeSX2,Kafa - Kafoz Versiyon,27,audio_features,False,False,249253,1,10,5gFPi3KWXEwA9bLEO47Ow0,Sıla,5gFPi3KWXEwA9bLEO47Ow0,Sıla,2zSzfMd1A2eMjqljtZUX9f,Konuşmadığımız Şeyler Var,2010-11-29,12,album,2018-05-28T09:57:24Z,['turkish pop'],['turkish pop'],0.665,0.782,5,-3.793,0,0.0415,0.404,9.03e-06,0.109,0.434,123.981,spotify:track:7uUBqbkVG2QRK0BHjdeSX2,https://api.spotify.com/v1/tracks/7uUBqbkVG2QRK0BHjdeSX2,https://api.spotify.com/v1/audio-analysis/7uUBqbkVG2QRK0BHjdeSX2,4
566BArD5bHEJoFx0VQEeqV,Zamanında,41,audio_features,False,False,328120,1,11,5gFPi3KWXEwA9bLEO47Ow0,Sıla,5gFPi3KWXEwA9bLEO47Ow0,Sıla,2zSzfMd1A2eMjqljtZUX9f,Konuşmadığımız Şeyler Var,2010-11-29,12,album,2018-05-28T09:57:24Z,['turkish pop'],['turkish pop'],0.409,0.291,0,-8.164,0,0.064,0.749,0.0,0.381,0.191,72.829,spotify:track:566BArD5bHEJoFx0VQEeqV,https://api.spotify.com/v1/tracks/566BArD5bHEJoFx0VQEeqV,https://api.spotify.com/v1/audio-analysis/566BArD5bHEJoFx0VQEeqV,4
3tFYj8tV2Ui6lNS3NScIoI,Vur Kadehi Ustam,50,audio_features,False,False,306187,1,12,5gFPi3KWXEwA9bLEO47Ow0,Sıla,5gFPi3KWXEwA9bLEO47Ow0,Sıla,2zSzfMd1A2eMjqljtZUX9f,Konuşmadığımız Şeyler Var,2010-11-29,12,album,2018-05-28T09:57:24Z,['turkish pop'],['turkish pop'],0.418,0.674,0,-3.579,0,0.0459,0.575,8.94e-05,0.117,0.636,172.195,spotify:track:3tFYj8tV2Ui6lNS3NScIoI,https://api.spotify.com/v1/tracks/3tFYj8tV2Ui6lNS3NScIoI,https://api.spotify.com/v1/audio-analysis/3tFYj8tV2Ui6lNS3NScIoI,5
5l91KHr9uF8wdSdtRoZba8,Wicked Game - Remastered,64,audio_features,False,False,286880,1,3,7290H8m1Dwt8G7jm1y9CQx,Chris Isaak,7290H8m1Dwt8G7jm1y9CQx,Chris Isaak,4aS233D1sBxySxC1dKVtup,Best Of Chris Isaak,2006-05-05,18,album,2018-05-25T12:13:28Z,['mellow gold'],['mellow gold'],0.664,0.553,9,-7.723,1,0.0264,0.743,0.00978,0.0838,0.287,112.52,spotify:track:5l91KHr9uF8wdSdtRoZba8,https://api.spotify.com/v1/tracks/5l91KHr9uF8wdSdtRoZba8,https://api.spotify.com/v1/audio-analysis/5l91KHr9uF8wdSdtRoZba8,4
7uYFsRPqCTLIwSgWz4SEXH,Yağmur,23,audio_features,False,False,190166,1,9,6xLv41SHPrVVfvyGd1M7ut,Ozan Doğulu,6xLv41SHPrVVfvyGd1M7ut,Ozan Doğulu,2YS3khuycfVxtVjn43sta2,130 Bpm Forte,2017-06-28,11,album,2018-04-30T10:33:22Z,"['deep turkish pop', 'karadeniz pop', 'turkish pop', 'turkish trap pop']","['deep turkish pop', 'karadeniz pop', 'turkish pop', 'turkish trap pop']",0.649,0.747,4,-3.897,0,0.0843,0.0572,0.0,0.18,0.6,124.93,spotify:track:7uYFsRPqCTLIwSgWz4SEXH,https://api.spotify.com/v1/tracks/7uYFsRPqCTLIwSgWz4SEXH,https://api.spotify.com/v1/audio-analysis/7uYFsRPqCTLIwSgWz4SEXH,4
6gxycjJNMgmAyfzUXBN80P,Goodbye My Lover,72,audio_features,False,False,258653,1,4,7KMqksf0UMdyA0UCf4R3ux,James Blunt,7KMqksf0UMdyA0UCf4R3ux,James Blunt,1ekaxA9Q5GzUPCepx4wzMF,Back to Bedlam,2005-08-08,10,album,2018-04-26T13:04:45Z,"['neo mellow', 'pop', 'pop rock']","['neo mellow', 'pop', 'pop rock']",0.432,0.261,4,-12.591,1,0.0512,0.953,0.00342,0.0903,0.273,89.567,spotify:track:6gxycjJNMgmAyfzUXBN80P,https://api.spotify.com/v1/tracks/6gxycjJNMgmAyfzUXBN80P,https://api.spotify.com/v1/audio-analysis/6gxycjJNMgmAyfzUXBN80P,4
67jvIkRay68LxQ66DKWa2s,Lost on You,35,audio_features,False,False,266115,1,1,0J7U24vlOOIeMpuaO6Q85A,LP,0J7U24vlOOIeMpuaO6Q85A,LP,4cbdEbEfSPTvM1mU1WAagc,Lost on You,2016-06-07,1,album,2016-09-24T22:32:03Z,"['la pop', ""women's music""]","['la pop', ""women's music""]",0.437,0.708,5,-6.613,0,0.0354,0.111,0.0,0.114,0.687,173.974,spotify:track:67jvIkRay68LxQ66DKWa2s,https://api.spotify.com/v1/tracks/67jvIkRay68LxQ66DKWa2s,https://api.spotify.com/v1/audio-analysis/67jvIkRay68LxQ66DKWa2s,4
6ZSO7kPn8IMJFymyticbJO,Gold,67,audio_features,False,False,225882,1,1,4u5smJBskI6Adzv08PuiUP,Kiiara,4u5smJBskI6Adzv08PuiUP,Kiiara,2EvTMiJyF3H4BoxNCL4HLh,low kii savage,2016-03-22,6,album,2016-09-24T22:29:50Z,"['alt z', 'dance pop', 'electropop', 'indie poptimism', 'pop']","['alt z', 'dance pop', 'electropop', 'indie poptimism', 'pop']",0.6,0.412,8,-9.343,1,0.344,0.615,0.0025,0.134,0.408,113.049,spotify:track:6ZSO7kPn8IMJFymyticbJO,https://api.spotify.com/v1/tracks/6ZSO7kPn8IMJFymyticbJO,https://api.spotify.com/v1/audio-analysis/6ZSO7kPn8IMJFymyticbJO,5
1MDoll6jK4rrk2BcFRP5i7,Hello,4,audio_features,False,False,295502,1,1,4dpARuHxo51G3z768sgnrY,Adele,4dpARuHxo51G3z768sgnrY,Adele,5y28RdPzIRXegzr5YM9Y0D,Hello,2015-10-23,1,album,2016-01-04T21:43:58Z,"['british soul', 'pop', 'pop soul', 'uk pop']","['british soul', 'pop', 'pop soul', 'uk pop']",0.471,0.431,5,-6.129,0,0.0342,0.329,0.0,0.0854,0.289,157.98,spotify:track:1MDoll6jK4rrk2BcFRP5i7,https://api.spotify.com/v1/tracks/1MDoll6jK4rrk2BcFRP5i7,https://api.spotify.com/v1/audio-analysis/1MDoll6jK4rrk2BcFRP5i7,4
