id,name,popularity,type,is_local,explicit,duration_ms,disc_number,track_number,artist_id,artist_name,album_artist_id,album_artist_name,album_id,album_name,album_release_date,album_tracks,album_type,genres,album_genres,danceability,energy,key,loudness,mode,speechiness,acousticness,instrumentalness,liveness,valence,tempo,uri,track_href,analysis_url,time_signature
3AFMhYzAtkkICb5h8VELpm,Leyla Mecnun,58,audio_features,False,False,139117,1,1,2a2YSCx78HHWVOsCuMpeXz,Burak Bulut,2a2YSCx78HHWVOsCuMpeXz,Burak Bulut,7ivDylKfpVW0f5dumQOLyM,Leyla Mecnun,2021-07-08,1,album,['turkish trap pop'],['turkish trap pop'],0.641,0.778,6,-5.251,0,0.104,0.13,0.0,0.117,0.667,176.102,spotify:track:3AFMhYzAtkkICb5h8VELpm,https://api.spotify.com/v1/tracks/3AFMhYzAtkkICb5h8VELpm,https://api.spotify.com/v1/audio-analysis/3AFMhYzAtkkICb5h8VELpm,4
3lJOIGsFylH947nMpYzfGO,Alaz Alaz,68,audio_features,False,False,179271,1,5,1qZ684TB9E1BjH58btdtYd,Buray,1qZ684TB9E1BjH58btdtYd,Buray,10SYL3StnN0Gxqr9jGkDxS,Başka Hikayeler,2021-02-26,10,album,"['turkish deep house', 'turkish pop', 'turkish trap pop']","['turkish deep house', 'turkish pop', 'turkish trap pop']",0.688,0.635,2,-5.008,1,0.028,0.721,0.0,0.406,0.644,114.022,spotify:track:3lJOIGsFylH947nMpYzfGO,https://api.spotify.com/v1/tracks/3lJOIGsFylH947nMpYzfGO,https://api.spotify.com/v1/audio-analysis/3lJOIGsFylH947nMpYzfGO,4
7tQzRtcodzeVr6n0DdVHCe,Toparlanmam Lazım,48,audio_features,False,False,195692,1,1,2xNgzwX6A9orF0QEJph5Eb,Kerim Araz,2xNgzwX6A9orF0QEJph5Eb,Kerim Araz,7cMKfAygL40oApyrkCrwmz,Toparlanmam Lazım,2021-07-13,1,album,['turkish trap pop'],['turkish trap pop'],0.696,0.452,1,-10.294,0,0.0392,0.709,3.13e-05,0.153,0.371,129.909,spotify:track:7tQzRtcodzeVr6n0DdVHCe,https://api.spotify.com/v1/tracks/7tQzRtcodzeVr6n0DdVHCe,https://api.spotify.com/v1/audio-analysis/7tQzRtcodzeVr6n0DdVHCe,4
5eattTP6wBD7BN8KtKt7gO,Güya,50,audio_features,False,False,179651,1,1,3WKZeiNOV5dnANlQnjL95B,Irmak Arıcı,3WKZeiNOV5dnANlQnjL95B,Irmak Arıcı,0Djqo0rhYBbRpIFEZbzEqQ,Güya,2021-03-19,1,album,"['turkish pop', 'turkish trap pop']","['turkish pop', 'turkish trap pop']",0.779,0.571,10,-6.731,0,0.212,0.279,2.44e-05,0.066,0.733,171.936,spotify:track:5eattTP6wBD7BN8KtKt7gO,https://api.spotify.com/v1/tracks/5eattTP6wBD7BN8KtKt7gO,https://api.spotify.com/v1/audio-analysis/5eattTP6wBD7BN8KtKt7gO,4
76hJfwdz1qTEWeqD9OTk0l,Yar imiş Meğer,44,audio_features,False,False,392587,1,4,1afML5pJuVr3ye8TGyYcV2,Neşet Ertaş,1afML5pJuVr3ye8TGyYcV2,Neşet Ertaş,4d0br6r9ol1ACjARsp56dx,Collection,2017-11-17,26,album,"['baglama', 'bozlak', 'oyun havasi', 'turkish folk']","['baglama', 'bozlak', 'oyun havasi', 'turkish folk']",0.343,0.681,3,-9.429,1,0.0396,0.827,0.471,0.122,0.642,85.958,spotify:track:76hJfwdz1qTEWeqD9OTk0l,https://api.spotify.com/v1/tracks/76hJfwdz1qTEWeqD9OTk0l,https://api.spotify.com/v1/audio-analysis/76hJfwdz1qTEWeqD9OTk0l,4
3e5QNL43WB4zBsW9qQ6F1d,Rüzgar,51,audio_features,False,False,184804,1,1,2wswrLV1o19frClh3pHxws,Bilal Hancı,2wswrLV1o19frClh3pHxws,Bilal Hancı,7ElSWLBDjMT9RJsy0sGGtA,Rüzgar,2021-07-02,1,album,"['karadeniz pop', 'turkish trap pop']","['karadeniz pop', 'turkish trap pop']",0.69,0.805,5,-5.21,0,0.12,0.0911,0.0,0.571,0.62,99.969,spotify:track:3e5QNL43WB4zBsW9qQ6F1d,https://api.spotify.com/v1/tracks/3e5QNL43WB4zBsW9qQ6F1d,https://api.spotify.com/v1/audio-analysis/3e5QNL43WB4zBsW9qQ6F1d,4
7aI1YkyFmJtB2OvI1dF2o7,RRAK TAK TAK - Remix,29,audio_features,False,False,149677,1,1,07eC5PcqS4O5e6NX1mrSCZ,Eri Qerimi,07eC5PcqS4O5e6NX1mrSCZ,Eri Qerimi,6uhwxyEzfgoyv6yJJHdoxQ,RRAK TAK TAK (Remix),2021-06-11,1,album,[],[],0.72,0.735,10,-3.123,0,0.0484,0.102,0.44,0.165,0.613,92.99,spotify:track:7aI1YkyFmJtB2OvI1dF2o7,https://api.spotify.com/v1/tracks/7aI1YkyFmJtB2OvI1dF2o7,https://api.spotify.com/v1/audio-analysis/7aI1YkyFmJtB2OvI1dF2o7,4
12Df1GI1bZGHG5l0PvvxRc,Gün Ağarmadan,44,audio_features,False,False,195375,1,1,3cNwyF5SboOs9icz2XyotE,Mustafa Ceceli,3cNwyF5SboOs9icz2XyotE,Mustafa Ceceli,4NAFZH7smr9G2SP4U8stRX,Gün Ağarmadan,2020-06-12,1,album,"['karadeniz pop', 'turkish pop', 'turkish trap pop']","['karadeniz pop', 'turkish pop', 'turkish trap pop']",0.436,0.611,5,-5.328,0,0.0548,0.283,0.0,0.276,0.151,159.707,spotify:track:12Df1GI1bZGHG5l0PvvxRc,https://api.spotify.com/v1/tracks/12Df1GI1bZGHG5l0PvvxRc,https://api.spotify.com/v1/audio-analysis/12Df1GI1bZGHG5l0PvvxRc,4
6Cccs46H9lvssHSKypNe3D,BASKIN (feat. Ceza & Gazapizm),64,audio_features,False,True,209145,1,2,6hBbagFZrwC44AclzbxWvU,DJ Sivo,6hBbagFZrwC44AclzbxWvU,DJ Sivo,0gFN1g60cmnD4HPFgujZVe,Griot,2021-07-09,10,album,"['turkish hip hop', 'turkish trap pop']","['turkish hip hop', 'turkish trap pop']",0.828,0.884,7,-5.805,1,0.273,0.129,0.0,0.308,0.662,140.068,spotify:track:6Cccs46H9lvssHSKypNe3D,https://api.spotify.com/v1/tracks/6Cccs46H9lvssHSKypNe3D,https://api.spotify.com/v1/audio-analysis/6Cccs46H9lvssHSKypNe3D,4
0h8Si92FV5u2GE2U692bqN,Mavişim,59,audio_features,False,False,192453,1,9,0gPgE6wLLiPnrakh9WcsdQ,İbrahim Tatlıses,0gPgE6wLLiPnrakh9WcsdQ,İbrahim Tatlıses,2QrB1VRiarQJoM6Q2XnUAY,Yetmez Mi?,2001-10-10,15,album,"['arabesk', 'turkish folk']","['arabesk', 'turkish folk']",0.736,0.843,0,-8.697,0,0.0647,0.473,2.71e-05,0.247,0.683,103.288,spotify:track:0h8Si92FV5u2GE2U692bqN,https://api.spotify.com/v1/tracks/0h8Si92FV5u2GE2U692bqN,https://api.spotify.com/v1/audio-analysis/0h8Si92FV5u2GE2U692bqN,4
4WgdAsrRHP0OOg3jyW9sLz,Ağıt,13,audio_features,False,False,219312,1,2,4XYD8wP6f1sfLtWfrY1luF,Kıraç,4XYD8wP6f1sfLtWfrY1luF,Kıraç,0HKwubXkNF84sMoF53aedG,Unutulmaz (Orijinal Dizi Müzikleri),2010-06-30,21,album,"['anadolu rock', 'turkish folk', 'turkish pop', 'turkish rock']","['anadolu rock', 'turkish folk', 'turkish pop', 'turkish rock']",0.726,0.295,2,-18.917,1,0.0447,0.452,0.832,0.142,0.0346,109.925,spotify:track:4WgdAsrRHP0OOg3jyW9sLz,https://api.spotify.com/v1/tracks/4WgdAsrRHP0OOg3jyW9sLz,https://api.spotify.com/v1/audio-analysis/4WgdAsrRHP0OOg3jyW9sLz,3
3rTnSsUS6gD2BDnMlPB2u8,Deli Kız,60,audio_features,False,False,195582,1,1,1qZ684TB9E1BjH58btdtYd,Buray,1qZ684TB9E1BjH58btdtYd,Buray,1CorCDVmQB1x0gY8C89D34,Deli Kız,2020-07-24,1,album,"['turkish deep house', 'turkish pop', 'turkish trap pop']","['turkish deep house', 'turkish pop', 'turkish trap pop']",0.639,0.837,9,-4.632,0,0.0517,0.263,1.82e-06,0.0756,0.717,98.017,spotify:track:3rTnSsUS6gD2BDnMlPB2u8,https://api.spotify.com/v1/tracks/3rTnSsUS6gD2BDnMlPB2u8,https://api.spotify.com/v1/audio-analysis/3rTnSsUS6gD2BDnMlPB2u8,4
5tOvlpz1jXDbjiC507ettv,Uca Uca,19,audio_features,False,False,254555,1,2,13FzuhafZxa6Qhh1lz9hSs,Samir Ligarli,0LyfQWJT6nXafLPZqxe9Of,Various Artists,0t1ZGX5jT0GqO3rHxHyh4u,Cavanlig,2015-05-12,5,album,[],[],0.786,0.749,0,-11.939,0,0.0993,0.23,3.75e-05,0.073,0.962,138.079,spotify:track:5tOvlpz1jXDbjiC507ettv,https://api.spotify.com/v1/tracks/5tOvlpz1jXDbjiC507ettv,https://api.spotify.com/v1/audio-analysis/5tOvlpz1jXDbjiC507ettv,4
667ZoJzCljD3oG59JTD4jH,Neshooni,39,audio_features,False,False,196847,1,1,7dGG5t1lq8eRel7cRvLj0F,FG,7dGG5t1lq8eRel7cRvLj0F,FG,5WV1lJpwyr3mQq7feXblpP,Neshooni,2017-12-02,1,album,[],[],0.718,0.346,4,-13.78,0,0.0273,0.252,0.0798,0.106,0.07,100.029,spotify:track:667ZoJzCljD3oG59JTD4jH,https://api.spotify.com/v1/tracks/667ZoJzCljD3oG59JTD4jH,https://api.spotify.com/v1/audio-analysis/667ZoJzCljD3oG59JTD4jH,4
04a0ZUw44B0OxmbeE6znoQ,Bir Bilebilsen,50,audio_features,False,False,254067,1,2,4cMwyqmHCwJjRZ3frIVHTr,Müslüm Gürses,4cMwyqmHCwJjRZ3frIVHTr,Müslüm Gürses,3nI7f61dxfupCO9lF5n6m7,Zalim (Bir Bilebilsen),1992-12-10,10,album,['arabesk'],['arabesk'],0.463,0.77,7,-5.468,0,0.147,0.697,0.0,0.383,0.717,88.602,spotify:track:04a0ZUw44B0OxmbeE6znoQ,https://api.spotify.com/v1/tracks/04a0ZUw44B0OxmbeE6znoQ,https://api.spotify.com/v1/audio-analysis/04a0ZUw44B0OxmbeE6znoQ,4
2GBxxmzQsmFXLufDjRk9Ui,Telli Turnam,43,audio_features,False,False,234467,1,3,295s7rUdwD6adgPiYMRUAM,Musa Eroğlu,295s7rUdwD6adgPiYMRUAM,Musa Eroğlu,4q6e6Kh6j5l8HM88UiYi6p,Kavimler Kapısı Anadolu,1998-10-21,15,album,"['arabesk', 'baglama', 'turkish folk']","['arabesk', 'baglama', 'turkish folk']",0.536,0.543,6,-4.955,0,0.0283,0.848,0.000178,0.0967,0.286,123.926,spotify:track:2GBxxmzQsmFXLufDjRk9Ui,https://api.spotify.com/v1/tracks/2GBxxmzQsmFXLufDjRk9Ui,https://api.spotify.com/v1/audio-analysis/2GBxxmzQsmFXLufDjRk9Ui,3
3JM7QBqJ5ENGLFbit7IqIX,Dayan Yüreğim,53,audio_features,False,False,213667,1,1,4525TiJDbBD4mZJ7EZArT0,Yıldız Tilbe,4525TiJDbBD4mZJ7EZArT0,Yıldız Tilbe,2fWCOHMMAq9vZXwjQGMkhp,Aşkperest,1996-08-02,13,album,"['arabesk', 'turkish pop']","['arabesk', 'turkish pop']",0.779,0.322,8,-13.72,0,0.16,0.455,0.0,0.147,0.701,117.974,spotify:track:3JM7QBqJ5ENGLFbit7IqIX,https://api.spotify.com/v1/tracks/3JM7QBqJ5ENGLFbit7IqIX,https://api.spotify.com/v1/audio-analysis/3JM7QBqJ5ENGLFbit7IqIX,4
7dG1T4MdtxswggvX16owFU,Maghreb Gang (feat. French Montana & Khaled),53,audio_features,False,True,159800,1,11,2JwyRtuXf2l6sTnSnGVIa1,Farid Bang,2JwyRtuXf2l6sTnSnGVIa1,Farid Bang,26GpISCXGRAIScjyFcdEOk,Genkidama,2020-05-29,14,album,['german hip hop'],['german hip hop'],0.738,0.564,8,-5.341,1,0.19,0.0245,0.0,0.146,0.395,99.93,spotify:track:7dG1T4MdtxswggvX16owFU,https://api.spotify.com/v1/tracks/7dG1T4MdtxswggvX16owFU,https://api.spotify.com/v1/audio-analysis/7dG1T4MdtxswggvX16owFU,4
0rl99X2LTXz2Ot7u0qEujP,Ya Lili,62,audio_features,False,False,200411,1,1,4cgw3nEf6uOQ2NqHwSXErR,Balti,4cgw3nEf6uOQ2NqHwSXErR,Balti,3ZMrAHHAi5kBze92L80mSH,Ya Lili,2017-11-07,1,album,"['arabic hip hop', 'rai', 'rap tunisien', 'rif', 'tunisian pop']","['arabic hip hop', 'rai', 'rap tunisien', 'rif', 'tunisian pop']",0.69,0.596,7,-8.087,0,0.33,0.508,0.0,0.344,0.544,91.804,spotify:track:0rl99X2LTXz2Ot7u0qEujP,https://api.spotify.com/v1/tracks/0rl99X2LTXz2Ot7u0qEujP,https://api.spotify.com/v1/audio-analysis/0rl99X2LTXz2Ot7u0qEujP,4
59l0CeaA4LLngf30waUXWB,Felaket,53,audio_features,False,False,194772,1,1,6LnJKrtFnTEGdbWQ2riWCL,Ezhel,6LnJKrtFnTEGdbWQ2riWCL,Ezhel,2L8sLf65fPQJ03FAGXiWt4,Felaket,2019-02-01,1,album,"['turkish hip hop', 'turkish trap']","['turkish hip hop', 'turkish trap']",0.769,0.556,9,-5.375,0,0.082,0.115,0.000294,0.117,0.607,149.972,spotify:track:59l0CeaA4LLngf30waUXWB,https://api.spotify.com/v1/tracks/59l0CeaA4LLngf30waUXWB,https://api.spotify.com/v1/audio-analysis/59l0CeaA4LLngf30waUXWB,4
3h0D8syG03LNWEyOpiLNmR,Aldırma Deli Gönlüm,32,audio_features,False,False,216973,1,10,5AboYJAlMb9FGadTTDKRoN,Ebru Gündeş,5AboYJAlMb9FGadTTDKRoN,Ebru Gündeş,3F2qZV4NutxdUCXbzq9Tub,Beyaz,2011-01-31,12,album,"['arabesk', 'turkish folk', 'turkish pop']","['arabesk', 'turkish folk', 'turkish pop']",0.707,0.933,7,-5.753,0,0.0515,0.0818,5.91e-06,0.0985,0.756,97.016,spotify:track:3h0D8syG03LNWEyOpiLNmR,https://api.spotify.com/v1/tracks/3h0D8syG03LNWEyOpiLNmR,https://api.spotify.com/v1/audio-analysis/3h0D8syG03LNWEyOpiLNmR,4
3JusJKjcAkPhgMOtbuEnH3,Te ka lali shpirt,55,audio_features,False,False,184668,1,1,5R4WNySx3W1XrS7vf8jMk1,Silva Gunbardhi,5R4WNySx3W1XrS7vf8jMk1,Silva Gunbardhi,4AyOzH99o8LIaoelWvorBW,Te ka lali shpirt,2013-01-19,1,album,"['albanian pop', 'tallava']","['albanian pop', 'tallava']",0.82,0.795,5,-5.005,0,0.0591,0.0497,0.0,0.28,0.913,127.985,spotify:track:3JusJKjcAkPhgMOtbuEnH3,https://api.spotify.com/v1/tracks/3JusJKjcAkPhgMOtbuEnH3,https://api.spotify.com/v1/audio-analysis/3JusJKjcAkPhgMOtbuEnH3,4
7HvBmLwtxNwdQX9rOfXyfH,Unutursun,47,audio_features,False,False,226719,1,1,65l8s1yyb4imsrrDUNHbj0,BÖ,65l8s1yyb4imsrrDUNHbj0,BÖ,7CUcm2uCcqSRquxPy8DVUF,Unutursun,2017-06-06,1,album,['arab trap'],['arab trap'],0.617,0.543,10,-7.911,0,0.0568,0.364,0.542,0.11,0.196,140.045,spotify:track:7HvBmLwtxNwdQX9rOfXyfH,https://api.spotify.com/v1/tracks/7HvBmLwtxNwdQX9rOfXyfH,https://api.spotify.com/v1/audio-analysis/7HvBmLwtxNwdQX9rOfXyfH,4
1LTb2HCstvKjaWO1jasdwo,Yalnızlık,29,audio_features,False,False,251907,1,7,6hypPYDPSsgioRRfBXve38,Gülben Ergen,6hypPYDPSsgioRRfBXve38,Gülben Ergen,0QVowgn1VK5w0xOTQQW0AQ,Gülben Ergen,2006-06-12,12,album,"['arabesk', 'deep turkish pop', 'turkish pop', 'turkish trap pop']","['arabesk', 'deep turkish pop', 'turkish pop', 'turkish trap pop']",0.624,0.369,3,-8.057,1,0.0352,0.622,0.0,0.208,0.54,116.352,spotify:track:1LTb2HCstvKjaWO1jasdwo,https://api.spotify.com/v1/tracks/1LTb2HCstvKjaWO1jasdwo,https://api.spotify.com/v1/audio-analysis/1LTb2HCstvKjaWO1jasdwo,3
1cLBieprxWbgje8vZNoVsN,Mecnun (Kougan Ray Remix),46,audio_features,False,False,223621,1,1,1qZ684TB9E1BjH58btdtYd,Buray,1qZ684TB9E1BjH58btdtYd,Buray,0N6f5b5i9jdNUf5G3utrz5,Mecnun (Kougan Ray Remix),2020-03-20,1,album,"['turkish deep house', 'turkish pop', 'turkish trap pop']","['turkish deep house', 'turkish pop', 'turkish trap pop']",0.553,0.556,9,-9.374,0,0.212,0.085,0.000156,0.621,0.584,173.974,spotify:track:1cLBieprxWbgje8vZNoVsN,https://api.spotify.com/v1/tracks/1cLBieprxWbgje8vZNoVsN,https://api.spotify.com/v1/audio-analysis/1cLBieprxWbgje8vZNoVsN,4
3NJEhFxDiRXU7CmvyqFSDI,Sevince,58,audio_features,False,False,315200,1,6,4o3Nv2BAyoZkyGaRXv4rT3,Erkin Koray,4o3Nv2BAyoZkyGaRXv4rT3,Erkin Koray,7fmkRO1C2lLXlaSMg6O6dx,"Şaşkın / Dünden Esintiler, Vol.1",1993-08-18,11,album,['anadolu rock'],['anadolu rock'],0.61,0.299,1,-18.453,1,0.0324,0.611,0.00311,0.315,0.875,130.275,spotify:track:3NJEhFxDiRXU7CmvyqFSDI,https://api.spotify.com/v1/tracks/3NJEhFxDiRXU7CmvyqFSDI,https://api.spotify.com/v1/audio-analysis/3NJEhFxDiRXU7CmvyqFSDI,4
0ogVMcRZCS8xHnm6JqZZkv,Mihriban,51,audio_features,False,False,259067,1,9,295s7rUdwD6adgPiYMRUAM,Musa Eroğlu,295s7rUdwD6adgPiYMRUAM,Musa Eroğlu,6wIeodkSIFIXoyPOL0CJtT,Bir Nefes Anadolu,2000-09-29,12,album,"['arabesk', 'baglama', 'turkish folk']","['arabesk', 'baglama', 'turkish folk']",0.576,0.531,5,-11.404,0,0.0395,0.783,0.0164,0.121,0.655,111.902,spotify:track:0ogVMcRZCS8xHnm6JqZZkv,https://api.spotify.com/v1/tracks/0ogVMcRZCS8xHnm6JqZZkv,https://api.spotify.com/v1/audio-analysis/0ogVMcRZCS8xHnm6JqZZkv,5
5cfEOgovN0KT3lWKisVkfi,Hasbelkader,47,audio_features,False,False,152727,1,1,6iBdV6h17D1kOnK9lFyWo3,Bilal Sonses,6iBdV6h17D1kOnK9lFyWo3,Bilal Sonses,1AKnISQKhqkOgMaFc9SckH,Hasbelkader,2020-11-13,1,album,"['turkish pop', 'turkish trap pop']","['turkish pop', 'turkish trap pop']",0.774,0.635,5,-5.015,1,0.0613,0.153,0.0,0.102,0.708,132.071,spotify:track:5cfEOgovN0KT3lWKisVkfi,https://api.spotify.com/v1/tracks/5cfEOgovN0KT3lWKisVkfi,https://api.spotify.com/v1/audio-analysis/5cfEOgovN0KT3lWKisVkfi,4
3FeVmId7tL5YN8B7R3imoM,My Universe,94,audio_features,False,False,228000,1,1,4gzpq5DPGxSnKTe4SA8HAU,Coldplay,4gzpq5DPGxSnKTe4SA8HAU,Coldplay,39McjovZ3M6n5SFtNmWTdp,My Universe,2021-09-24,2,album,"['permanent wave', 'pop']","['permanent wave', 'pop']",0.588,0.701,9,-6.39,1,0.0402,0.00813,0.0,0.2,0.443,104.988,spotify:track:3FeVmId7tL5YN8B7R3imoM,https://api.spotify.com/v1/tracks/3FeVmId7tL5YN8B7R3imoM,https://api.spotify.com/v1/audio-analysis/3FeVmId7tL5YN8B7R3imoM,4
2FmYwQGim3V5Rpfx1Icd25,Metris'in Önünde,45,audio_features,False,False,177308,1,6,1Y2FwScblyMxpLTrNdfwyU,Ahmet Kaya,1Y2FwScblyMxpLTrNdfwyU,Ahmet Kaya,3gfc75SzPUZvMXGpX8SYfd,An Gelir,1986,11,album,['turkish folk'],['turkish folk'],0.562,0.381,10,-13.809,1,0.0538,0.855,1.93e-05,0.174,0.543,152.836,spotify:track:2FmYwQGim3V5Rpfx1Icd25,https://api.spotify.com/v1/tracks/2FmYwQGim3V5Rpfx1Icd25,https://api.spotify.com/v1/audio-analysis/2FmYwQGim3V5Rpfx1Icd25,4
3xfTebHJnKUlqWBHiG6ieK,Kirvem,19,audio_features,False,False,222407,1,11,2NGRETzxjeN4b9o3OGY6Yn,Selda Bağcan,2NGRETzxjeN4b9o3OGY6Yn,Selda Bağcan,1apn4ftAs1bdoE5xuWMnfZ,Çifte Çiftetelli,1997-02-04,12,album,"['anadolu rock', 'azeri traditional', 'turkish folk', 'turkish jazz', 'turkish psych']","['anadolu rock', 'azeri traditional', 'turkish folk', 'turkish jazz', 'turkish psych']",0.579,0.569,4,-8.972,0,0.0546,0.639,1.33e-06,0.308,0.617,138.016,spotify:track:3xfTebHJnKUlqWBHiG6ieK,https://api.spotify.com/v1/tracks/3xfTebHJnKUlqWBHiG6ieK,https://api.spotify.com/v1/audio-analysis/3xfTebHJnKUlqWBHiG6ieK,3
1RMnFV3jidSADH1ZSF8EAr,Nereden Bileceksiniz,63,audio_features,False,False,360327,1,3,1Y2FwScblyMxpLTrNdfwyU,Ahmet Kaya,1Y2FwScblyMxpLTrNdfwyU,Ahmet Kaya,27dDxMGawvjeKQ2aYWfPRI,Dosta Düşmana Karşı,1998-03-06,12,album,['turkish folk'],['turkish folk'],0.506,0.71,2,-6.564,0,0.0348,0.747,5.78e-05,0.13,0.512,108.973,spotify:track:1RMnFV3jidSADH1ZSF8EAr,https://api.spotify.com/v1/tracks/1RMnFV3jidSADH1ZSF8EAr,https://api.spotify.com/v1/audio-analysis/1RMnFV3jidSADH1ZSF8EAr,4
2lN6njvQIWp5ZSFzmAME5k,Öyle Bir Yerdeyim ki,62,audio_features,False,False,309000,1,4,2NGRETzxjeN4b9o3OGY6Yn,Selda Bağcan,2NGRETzxjeN4b9o3OGY6Yn,Selda Bağcan,32YFmtwnFHEiNam28vmaqs,Dost Merhaba,1986-11-26,12,album,"['anadolu rock', 'azeri traditional', 'turkish folk', 'turkish jazz', 'turkish psych']","['anadolu rock', 'azeri traditional', 'turkish folk', 'turkish jazz', 'turkish psych']",0.595,0.436,7,-11.299,0,0.0299,0.719,9.32e-05,0.118,0.364,110.079,spotify:track:2lN6njvQIWp5ZSFzmAME5k,https://api.spotify.com/v1/tracks/2lN6njvQIWp5ZSFzmAME5k,https://api.spotify.com/v1/audio-analysis/2lN6njvQIWp5ZSFzmAME5k,4
4saklk6nie3yiGePpBwUoc,Dynamite,83,audio_features,False,False,199054,1,8,3Nrfpe0tUJi4K4DXYWgMUX,BTS,3Nrfpe0tUJi4K4DXYWgMUX,BTS,2qehskW9lYGWfYb0xPZkrS,BE,2020-11-20,8,album,"['k-pop', 'k-pop boy group']","['k-pop', 'k-pop boy group']",0.746,0.765,6,-4.41,0,0.0993,0.0112,0.0,0.0936,0.737,114.044,spotify:track:4saklk6nie3yiGePpBwUoc,https://api.spotify.com/v1/tracks/4saklk6nie3yiGePpBwUoc,https://api.spotify.com/v1/audio-analysis/4saklk6nie3yiGePpBwUoc,4
1cKjQR6gA0zwI54srjtpzi,Bu da Geçer,41,audio_features,False,False,213893,1,1,0gPgE6wLLiPnrakh9WcsdQ,İbrahim Tatlıses,0gPgE6wLLiPnrakh9WcsdQ,İbrahim Tatlıses,6FwzmeopkDk0dfBOVGbdIL,Acı Gerçekler,1989-12-22,15,album,"['arabesk', 'turkish folk']","['arabesk', 'turkish folk']",0.498,0.449,6,-10.404,0,0.0349,0.91,0.000124,0.242,0.431,100.317,spotify:track:1cKjQR6gA0zwI54srjtpzi,https://api.spotify.com/v1/tracks/1cKjQR6gA0zwI54srjtpzi,https://api.spotify.com/v1/audio-analysis/1cKjQR6gA0zwI54srjtpzi,4
26riHKHPJxAkZPIhysiNnd,Kış Bahçeleri,63,audio_features,False,False,182763,1,5,1qZ684TB9E1BjH58btdtYd,Buray,1qZ684TB9E1BjH58btdtYd,Buray,54fUFXduCOTJEksa3bUU89,Kehanet,2018-10-19,12,album,"['turkish deep house', 'turkish pop', 'turkish trap pop']","['turkish deep house', 'turkish pop', 'turkish trap pop']",0.501,0.488,11,-7.806,0,0.0499,0.464,0.0,0.197,0.404,139.933,spotify:track:26riHKHPJxAkZPIhysiNnd,https://api.spotify.com/v1/tracks/26riHKHPJxAkZPIhysiNnd,https://api.spotify.com/v1/audio-analysis/26riHKHPJxAkZPIhysiNnd,3
6lhvEcpI2QX2dWjihx2DGc,Dalgalandım,27,audio_features,False,False,297000,1,3,4cMwyqmHCwJjRZ3frIVHTr,Müslüm Gürses,4cMwyqmHCwJjRZ3frIVHTr,Müslüm Gürses,6AEshOVH7FrBajslfjQ3dS,Mutlu Ol Yeter (Remastered),1981,10,album,['arabesk'],['arabesk'],0.404,0.605,10,-7.065,1,0.0305,0.484,0.00264,0.199,0.394,130.373,spotify:track:6lhvEcpI2QX2dWjihx2DGc,https://api.spotify.com/v1/tracks/6lhvEcpI2QX2dWjihx2DGc,https://api.spotify.com/v1/audio-analysis/6lhvEcpI2QX2dWjihx2DGc,4
1HmDrlMWhM2TB9hyJbkFKD,Enta el Hayat,42,audio_features,False,False,238392,1,5,1YnW3KicGQq3zD9LcdGJSh,Myriam Fares,1YnW3KicGQq3zD9LcdGJSh,Myriam Fares,2z9WhkrtupFOPrYiUOPNtL,Myriam,2003-06-25,8,album,"['arab pop', 'lebanese pop']","['arab pop', 'lebanese pop']",0.624,0.679,1,-6.649,1,0.0429,0.00844,2.55e-05,0.113,0.626,184.036,spotify:track:1HmDrlMWhM2TB9hyJbkFKD,https://api.spotify.com/v1/tracks/1HmDrlMWhM2TB9hyJbkFKD,https://api.spotify.com/v1/audio-analysis/1HmDrlMWhM2TB9hyJbkFKD,4
64Ujy5GEmgVWrH7GLRUQ0n,Doruklara Sevdalandım,59,audio_features,False,False,255867,1,10,1Y2FwScblyMxpLTrNdfwyU,Ahmet Kaya,1Y2FwScblyMxpLTrNdfwyU,Ahmet Kaya,62K3eu3Wi048LiX5POSemY,Sevgi Duvarı,1990,10,album,['turkish folk'],['turkish folk'],0.569,0.522,2,-13.027,0,0.0521,0.446,0.00129,0.431,0.604,123.206,spotify:track:64Ujy5GEmgVWrH7GLRUQ0n,https://api.spotify.com/v1/tracks/64Ujy5GEmgVWrH7GLRUQ0n,https://api.spotify.com/v1/audio-analysis/64Ujy5GEmgVWrH7GLRUQ0n,4
7yWqRsRXU7OAL0KMo8Wy9S,Gönül Dağı,59,audio_features,False,False,298098,1,1,1afML5pJuVr3ye8TGyYcV2,Neşet Ertaş,1afML5pJuVr3ye8TGyYcV2,Neşet Ertaş,1nvtWsO140X8kCluGkCMv5,Gönül Dağı,1999-06-07,10,album,"['baglama', 'bozlak', 'oyun havasi', 'turkish folk']","['baglama', 'bozlak', 'oyun havasi', 'turkish folk']",0.539,0.134,5,-13.174,0,0.0437,0.963,1.6e-06,0.0893,0.214,112.98,spotify:track:7yWqRsRXU7OAL0KMo8Wy9S,https://api.spotify.com/v1/tracks/7yWqRsRXU7OAL0KMo8Wy9S,https://api.spotify.com/v1/audio-analysis/7yWqRsRXU7OAL0KMo8Wy9S,4
02rAGLtevPpVzDAfA0xchb,Boshra 5er,42,audio_features,False,False,233117,1,9,0qzJnI3pa1q0uexjYn7INT,Dj Black Sugar,0C8CVs1tRKlYN8FVEvsGlt,Arabic DJ,3ibqObJuR04lz0xlTKpC2p,Arabic DJ Vol. 1,2015-07-29,49,album,[],[],0.814,0.924,7,-5.656,0,0.0613,0.284,0.00056,0.0503,0.972,164.033,spotify:track:02rAGLtevPpVzDAfA0xchb,https://api.spotify.com/v1/tracks/02rAGLtevPpVzDAfA0xchb,https://api.spotify.com/v1/audio-analysis/02rAGLtevPpVzDAfA0xchb,4
6775h2mEBbRRXUAYG9P3bs,Yaz Gülü,64,audio_features,False,False,190848,1,1,46zuW8tHxwahYn7VNMgYTa,Yalın,46zuW8tHxwahYn7VNMgYTa,Yalın,1KmiEGyK23qs9evr7KgRSJ,Yaz Gülü,2021-05-28,1,album,['turkish pop'],['turkish pop'],0.587,0.793,2,-4.758,0,0.0664,0.0558,0.0,0.363,0.41,100.395,spotify:track:6775h2mEBbRRXUAYG9P3bs,https://api.spotify.com/v1/tracks/6775h2mEBbRRXUAYG9P3bs,https://api.spotify.com/v1/audio-analysis/6775h2mEBbRRXUAYG9P3bs,4
6zJvhaD9kxKkRWXS5Y4bj2,Hesabım Var,35,audio_features,False,False,269377,1,1,2E7qpjo4NUBhV8tEUdPVkJ,Azer Bülbül,2E7qpjo4NUBhV8tEUdPVkJ,Azer Bülbül,1f1yg7vkiZa8Hzhe1FMIFc,Ben Sana Vurgunum,1990-09-25,12,album,['arabesk'],['arabesk'],0.486,0.589,0,-8.171,0,0.039,0.868,0.000338,0.341,0.412,113.89,spotify:track:6zJvhaD9kxKkRWXS5Y4bj2,https://api.spotify.com/v1/tracks/6zJvhaD9kxKkRWXS5Y4bj2,https://api.spotify.com/v1/audio-analysis/6zJvhaD9kxKkRWXS5Y4bj2,4
7fxthkp6XGd566qNHntLWZ,Mawjouaa Galbi,50,audio_features,False,False,141973,1,2,0nGyyjulhM4IB5kNqyKvGq,Najwa Farouk,0nGyyjulhM4IB5kNqyKvGq,Najwa Farouk,7op66gekUCPSCRtX74E2cW,Najwa Farouk Essentiels,2017-04-28,7,album,[],[],0.493,0.246,4,-10.48,0,0.0402,0.873,0.00269,0.122,0.509,135.102,spotify:track:7fxthkp6XGd566qNHntLWZ,https://api.spotify.com/v1/tracks/7fxthkp6XGd566qNHntLWZ,https://api.spotify.com/v1/audio-analysis/7fxthkp6XGd566qNHntLWZ,4
3T1f3N1MtfAgYPnezT4T7A,Among Us Theme Song - Moondai Remix,60,audio_features,False,False,128571,1,1,7fHoNdaXrLbxqzam9PIHbr,Moondai,7fHoNdaXrLbxqzam9PIHbr,Moondai,5et2DWYRKjZk4A7W3HAyVZ,Among Us Theme Song (Moondai Remix),2020-10-10,1,album,[],[],0.716,0.822,0,-5.818,1,0.0722,0.0159,0.000182,0.638,0.3,127.99,spotify:track:3T1f3N1MtfAgYPnezT4T7A,https://api.spotify.com/v1/tracks/3T1f3N1MtfAgYPnezT4T7A,https://api.spotify.com/v1/audio-analysis/3T1f3N1MtfAgYPnezT4T7A,4
6hFTg230ohSA4Zp9sN8sW1,"Bir Ayrılık, Bir Yoksulluk, Bir Ölüm",18,audio_features,False,False,288540,1,1,4RnKYAfktqnvcbjkbQC7Fm,Ismail Tuncbilek,4RnKYAfktqnvcbjkbQC7Fm,Ismail Tuncbilek,0rbAhkhjtNoy5bd7kS7KGh,"Bir Ayrılık, Bir Yoksulluk, Bir Ölüm",2019-01-28,1,album,[],[],0.406,0.225,6,-9.499,1,0.0289,0.918,0.000233,0.115,0.264,131.862,spotify:track:6hFTg230ohSA4Zp9sN8sW1,https://api.spotify.com/v1/tracks/6hFTg230ohSA4Zp9sN8sW1,https://api.spotify.com/v1/audio-analysis/6hFTg230ohSA4Zp9sN8sW1,4
4D6TKXvFTktph6Vj6Pi1IC,Söyle,62,audio_features,False,False,248175,1,9,1Y2FwScblyMxpLTrNdfwyU,Ahmet Kaya,1Y2FwScblyMxpLTrNdfwyU,Ahmet Kaya,27dDxMGawvjeKQ2aYWfPRI,Dosta Düşmana Karşı,1998-03-06,12,album,['turkish folk'],['turkish folk'],0.578,0.598,2,-7.724,0,0.0306,0.846,1.46e-05,0.108,0.774,97.983,spotify:track:4D6TKXvFTktph6Vj6Pi1IC,https://api.spotify.com/v1/tracks/4D6TKXvFTktph6Vj6Pi1IC,https://api.spotify.com/v1/audio-analysis/4D6TKXvFTktph6Vj6Pi1IC,4
70yU1R946N69aVJSloqpS4,Gelin,27,audio_features,False,False,319240,1,1,73wqUOsgp2DZd4IAmf48Gn,Cengiz Kurtoğlu,73wqUOsgp2DZd4IAmf48Gn,Cengiz Kurtoğlu,00MiUHZV0BbFlChYUQmJXU,Unutulan...,2002-09-20,12,album,"['arabesk', 'turkish folk', 'turkish pop']","['arabesk', 'turkish folk', 'turkish pop']",0.467,0.446,9,-10.165,0,0.037,0.831,4.12e-06,0.267,0.567,87.801,spotify:track:70yU1R946N69aVJSloqpS4,https://api.spotify.com/v1/tracks/70yU1R946N69aVJSloqpS4,https://api.spotify.com/v1/audio-analysis/70yU1R946N69aVJSloqpS4,4
6730FVE2mSVXMbjzrSPuJM,Fesuphanallah - 2021 Remastered,49,audio_features,False,False,216640,1,1,4o3Nv2BAyoZkyGaRXv4rT3,Erkin Koray,4o3Nv2BAyoZkyGaRXv4rT3,Erkin Koray,4VJwkqnkmGrSJsphjJYy90,Fesuphanallah (2021 Remastered),1974-05-24,9,album,['anadolu rock'],['anadolu rock'],0.595,0.648,5,-5.849,0,0.0322,0.398,6.6e-05,0.0623,0.836,134.878,spotify:track:6730FVE2mSVXMbjzrSPuJM,https://api.spotify.com/v1/tracks/6730FVE2mSVXMbjzrSPuJM,https://api.spotify.com/v1/audio-analysis/6730FVE2mSVXMbjzrSPuJM,4
52HQu6xic78wXDdbChQnDs,Yolcu,62,audio_features,False,False,440427,1,6,1afML5pJuVr3ye8TGyYcV2,Neşet Ertaş,1afML5pJuVr3ye8TGyYcV2,Neşet Ertaş,5GIBXKivnkyuuUkNxwgSuY,Yolcu,2003-03-19,8,album,"['baglama', 'bozlak', 'oyun havasi', 'turkish folk']","['baglama', 'bozlak', 'oyun havasi', 'turkish folk']",0.423,0.649,2,-8.155,1,0.04,0.895,0.00687,0.0857,0.599,87.579,spotify:track:52HQu6xic78wXDdbChQnDs,https://api.spotify.com/v1/tracks/52HQu6xic78wXDdbChQnDs,https://api.spotify.com/v1/audio-analysis/52HQu6xic78wXDdbChQnDs,4
1jj3zTXV5ws4R2Di6eHjPg,Dağların Karı Yetmez,38,audio_features,False,False,193908,1,2,4Xm86XAvDYWh36Z98FvKjc,Selçuk Balcı,4Xm86XAvDYWh36Z98FvKjc,Selçuk Balcı,2mpJv7uxYfnjpFvaAFQj3C,Benim İçin Üzülme Orjinal Dizi Müzikleri,2012-12-25,3,album,"['karadeniz pop', 'karadeniz turkuleri', 'turkish folk']","['karadeniz pop', 'karadeniz turkuleri', 'turkish folk']",0.369,0.421,11,-6.543,0,0.0468,0.782,0.0,0.252,0.594,126.501,spotify:track:1jj3zTXV5ws4R2Di6eHjPg,https://api.spotify.com/v1/tracks/1jj3zTXV5ws4R2Di6eHjPg,https://api.spotify.com/v1/audio-analysis/1jj3zTXV5ws4R2Di6eHjPg,4
44xBxtfdZRhAXWvQD7I0x7,Geri Dön,60,audio_features,False,False,259103,1,3,64d1rUxfizSAOE9UbMnUZd,Sezen Aksu,64d1rUxfizSAOE9UbMnUZd,Sezen Aksu,13JKU1RyLFS73hDvWnTHr1,Sen Ağlama,1984-09-06,11,album,['turkish pop'],['turkish pop'],0.424,0.489,5,-7.11,0,0.0438,0.768,0.0,0.285,0.318,136.254,spotify:track:44xBxtfdZRhAXWvQD7I0x7,https://api.spotify.com/v1/tracks/44xBxtfdZRhAXWvQD7I0x7,https://api.spotify.com/v1/audio-analysis/44xBxtfdZRhAXWvQD7I0x7,3
5mg4hTeAujPlRetezDpTxm,Yolun Sonu,39,audio_features,False,False,219440,1,10,295s7rUdwD6adgPiYMRUAM,Musa Eroğlu,295s7rUdwD6adgPiYMRUAM,Musa Eroğlu,05ltDJBfd0tLdaBY9RMrYv,Halil İbrahim / Kerbela Destanı,2006,12,album,"['arabesk', 'baglama', 'turkish folk']","['arabesk', 'baglama', 'turkish folk']",0.662,0.263,0,-15.551,0,0.041,0.861,0.0,0.197,0.31,143.965,spotify:track:5mg4hTeAujPlRetezDpTxm,https://api.spotify.com/v1/tracks/5mg4hTeAujPlRetezDpTxm,https://api.spotify.com/v1/audio-analysis/5mg4hTeAujPlRetezDpTxm,3
6TG4s4lyrLJ8OpaGbgfqGl,Mawjou3 Galbi,45,audio_features,False,False,198201,1,1,2HZLJwBLZN8etpz2ZvHqlL,D33pSoul,2HZLJwBLZN8etpz2ZvHqlL,D33pSoul,450bx2egvP32rGdLekadr0,Mawjou3 Galbi,2019-09-20,1,album,"['moroccan pop', 'rai']","['moroccan pop', 'rai']",0.77,0.711,4,-9.771,0,0.118,0.0289,0.249,0.132,0.763,126.008,spotify:track:6TG4s4lyrLJ8OpaGbgfqGl,https://api.spotify.com/v1/tracks/6TG4s4lyrLJ8OpaGbgfqGl,https://api.spotify.com/v1/audio-analysis/6TG4s4lyrLJ8OpaGbgfqGl,4
5xmbCmACcXr3a9vVFSVbcK,Bu Benim Öyküm,41,audio_features,False,False,218824,1,1,6CpTYTBIwVYGeYdxr8Irgu,Eli Türkoğlu,6CpTYTBIwVYGeYdxr8Irgu,Eli Türkoğlu,5VpUEIg7wwZtPDRSYhadXO,Bu Benim Öyküm,2018-04-19,1,album,[],[],0.536,0.628,11,-8.047,0,0.0367,0.284,1.52e-06,0.223,0.322,135.866,spotify:track:5xmbCmACcXr3a9vVFSVbcK,https://api.spotify.com/v1/tracks/5xmbCmACcXr3a9vVFSVbcK,https://api.spotify.com/v1/audio-analysis/5xmbCmACcXr3a9vVFSVbcK,4
46HNZY1i7O6jwTA7Slo2PI,My Universe,87,audio_features,False,False,226198,1,10,4gzpq5DPGxSnKTe4SA8HAU,Coldplay,4gzpq5DPGxSnKTe4SA8HAU,Coldplay,06mXfvDsRZNfnsGZvX2zpb,Music Of The Spheres,2021-10-15,12,album,"['permanent wave', 'pop']","['permanent wave', 'pop']",0.573,0.711,1,-6.268,0,0.0406,0.0114,0.0,0.328,0.47,105.006,spotify:track:46HNZY1i7O6jwTA7Slo2PI,https://api.spotify.com/v1/tracks/46HNZY1i7O6jwTA7Slo2PI,https://api.spotify.com/v1/audio-analysis/46HNZY1i7O6jwTA7Slo2PI,4
6udxaddhezdU8dwfZVapmw,Gelmesin,58,audio_features,False,False,210846,1,1,0gPgE6wLLiPnrakh9WcsdQ,İbrahim Tatlıses,0gPgE6wLLiPnrakh9WcsdQ,İbrahim Tatlıses,6X8ndvkdGtHNcwcbKcF1Lg,Gelmesin,2021-04-16,1,album,"['arabesk', 'turkish folk']","['arabesk', 'turkish folk']",0.654,0.921,4,-7.042,0,0.095,0.162,3.93e-05,0.322,0.895,160.005,spotify:track:6udxaddhezdU8dwfZVapmw,https://api.spotify.com/v1/tracks/6udxaddhezdU8dwfZVapmw,https://api.spotify.com/v1/audio-analysis/6udxaddhezdU8dwfZVapmw,4
7gsw7Kwqmq4FQChdzXDH3e,Gönül Yareler içinde,40,audio_features,False,False,258453,1,2,39b2aS3568sYAC6CG5hsJw,Bendeniz,0LyfQWJT6nXafLPZqxe9Of,Various Artists,3SxUY2VunulkJkj7klCtzj,Söz & Müzik Ümit Sayın,2011-03-07,10,album,"['arabesk', 'deep turkish pop', 'turkish pop']",[],0.388,0.495,7,-8.853,0,0.0365,0.769,0.0,0.224,0.263,103.942,spotify:track:7gsw7Kwqmq4FQChdzXDH3e,https://api.spotify.com/v1/tracks/7gsw7Kwqmq4FQChdzXDH3e,https://api.spotify.com/v1/audio-analysis/7gsw7Kwqmq4FQChdzXDH3e,4
3XTzXWtABSuYqAvOso5YP9,Seni Yazdım,63,audio_features,False,False,276000,1,2,4cMwyqmHCwJjRZ3frIVHTr,Müslüm Gürses,4cMwyqmHCwJjRZ3frIVHTr,Müslüm Gürses,1BsLgh8u0QAyn1GIlvHmGO,Küskünüm,1986-05-22,10,album,['arabesk'],['arabesk'],0.4,0.636,5,-6.946,0,0.0327,0.28,5.85e-05,0.151,0.478,92.416,spotify:track:3XTzXWtABSuYqAvOso5YP9,https://api.spotify.com/v1/tracks/3XTzXWtABSuYqAvOso5YP9,https://api.spotify.com/v1/audio-analysis/3XTzXWtABSuYqAvOso5YP9,4
0SXQTDpdCxPUxzLg0tD6Re,Şafak Türküsü,52,audio_features,False,False,414105,1,10,1Y2FwScblyMxpLTrNdfwyU,Ahmet Kaya,1Y2FwScblyMxpLTrNdfwyU,Ahmet Kaya,6RZHFjipAJhODuSMp1r91p,Ülkemde Son Turnem,2010-10-25,14,album,['turkish folk'],['turkish folk'],0.618,0.416,4,-14.721,0,0.0368,0.59,1.3e-06,0.323,0.488,104.016,spotify:track:0SXQTDpdCxPUxzLg0tD6Re,https://api.spotify.com/v1/tracks/0SXQTDpdCxPUxzLg0tD6Re,https://api.spotify.com/v1/audio-analysis/0SXQTDpdCxPUxzLg0tD6Re,4
